2025.10.09 12:36:41 INFO  Started: Metals version 1.6.2 in folders '/Users/jonathangallus/WebApps/blackjack-wa' for client Cursor 1.99.3.
Oct 09, 2025 12:36:42 PM org.eclipse.lsp4j.jsonrpc.services.GenericEndpoint notify
INFO: Unsupported notification method: $/setTrace
2025.10.09 12:38:49 INFO  no build target found for /Users/jonathangallus/WebApps/blackjack-wa/build.sbt. Using presentation compiler with project's scala-library version: 3.3.6
2025.10.09 12:38:49 WARN  no build target for: /Users/jonathangallus/WebApps/blackjack-wa/build.sbt
2025.10.09 12:38:49 INFO  no build target found for /Users/jonathangallus/WebApps/blackjack-wa/build.sbt. Using presentation compiler with project's scala-library version: 3.3.6
2025.10.09 12:38:49 INFO  no build target found for /Users/jonathangallus/WebApps/blackjack-wa/build.sbt. Using presentation compiler with project's scala-library version: 3.3.6
2025.10.09 12:38:51 INFO  no build target found for /Users/jonathangallus/WebApps/blackjack-wa/build.sbt. Using presentation compiler with project's scala-library version: 3.3.6
2025.10.09 12:38:51 INFO  no build target found for /Users/jonathangallus/WebApps/blackjack-wa/build.sbt. Using presentation compiler with project's scala-library version: 3.3.6
2025.10.09 12:38:52 INFO  no build target found for /Users/jonathangallus/WebApps/blackjack-wa/build.sbt. Using presentation compiler with project's scala-library version: 3.3.6
2025.10.09 12:38:52 INFO  no build target found for /Users/jonathangallus/WebApps/blackjack-wa/build.sbt. Using presentation compiler with project's scala-library version: 3.3.6
2025.10.09 12:38:53 INFO  no build target found for /Users/jonathangallus/WebApps/blackjack-wa/build.sbt. Using presentation compiler with project's scala-library version: 3.3.6
2025.10.09 12:38:53 INFO  no build target found for /Users/jonathangallus/WebApps/blackjack-wa/build.sbt. Using presentation compiler with project's scala-library version: 3.3.6
2025.10.09 12:38:53 INFO  no build target found for /Users/jonathangallus/WebApps/blackjack-wa/build.sbt. Using presentation compiler with project's scala-library version: 3.3.6
2025.10.09 12:38:54 INFO  no build target found for /Users/jonathangallus/WebApps/blackjack-wa/build.sbt. Using presentation compiler with project's scala-library version: 3.3.6
2025.10.09 12:38:53 INFO  no build target found for /Users/jonathangallus/WebApps/blackjack-wa/build.sbt. Using presentation compiler with project's scala-library version: 3.3.6
2025.10.09 12:38:54 INFO  no build target found for /Users/jonathangallus/WebApps/blackjack-wa/build.sbt. Using presentation compiler with project's scala-library version: 3.3.6
2025.10.09 12:38:54 INFO  no build target found for /Users/jonathangallus/WebApps/blackjack-wa/build.sbt. Using presentation compiler with project's scala-library version: 3.3.6
2025.10.09 12:38:54 INFO  no build target found for /Users/jonathangallus/WebApps/blackjack-wa/build.sbt. Using presentation compiler with project's scala-library version: 3.3.6
2025.10.09 12:38:56 INFO  no build target found for /Users/jonathangallus/WebApps/blackjack-wa/build.sbt. Using presentation compiler with project's scala-library version: 3.3.6
2025.10.09 12:38:56 INFO  no build target found for /Users/jonathangallus/WebApps/blackjack-wa/build.sbt. Using presentation compiler with project's scala-library version: 3.3.6
2025.10.09 12:38:57 INFO  no build target found for /Users/jonathangallus/WebApps/blackjack-wa/build.sbt. Using presentation compiler with project's scala-library version: 3.3.6
2025.10.09 12:38:57 INFO  no build target found for /Users/jonathangallus/WebApps/blackjack-wa/build.sbt. Using presentation compiler with project's scala-library version: 3.3.6
2025.10.09 12:38:57 INFO  no build target found for /Users/jonathangallus/WebApps/blackjack-wa/build.sbt. Using presentation compiler with project's scala-library version: 3.3.6
2025.10.09 12:38:57 INFO  no build target found for /Users/jonathangallus/WebApps/blackjack-wa/build.sbt. Using presentation compiler with project's scala-library version: 3.3.6
2025.10.09 12:38:57 INFO  no build target found for /Users/jonathangallus/WebApps/blackjack-wa/build.sbt. Using presentation compiler with project's scala-library version: 3.3.6
2025.10.09 12:38:58 INFO  no build target found for /Users/jonathangallus/WebApps/blackjack-wa/build.sbt. Using presentation compiler with project's scala-library version: 3.3.6
2025.10.09 12:38:58 INFO  no build target found for /Users/jonathangallus/WebApps/blackjack-wa/build.sbt. Using presentation compiler with project's scala-library version: 3.3.6
2025.10.09 12:38:58 INFO  no build target found for /Users/jonathangallus/WebApps/blackjack-wa/build.sbt. Using presentation compiler with project's scala-library version: 3.3.6
2025.10.09 12:38:58 INFO  no build target found for /Users/jonathangallus/WebApps/blackjack-wa/build.sbt. Using presentation compiler with project's scala-library version: 3.3.6
2025.10.09 12:38:58 INFO  no build target found for /Users/jonathangallus/WebApps/blackjack-wa/build.sbt. Using presentation compiler with project's scala-library version: 3.3.6
2025.10.09 12:38:58 INFO  no build target found for /Users/jonathangallus/WebApps/blackjack-wa/build.sbt. Using presentation compiler with project's scala-library version: 3.3.6
2025.10.09 12:38:58 INFO  no build target found for /Users/jonathangallus/WebApps/blackjack-wa/build.sbt. Using presentation compiler with project's scala-library version: 3.3.6
2025.10.09 12:38:59 INFO  no build target found for /Users/jonathangallus/WebApps/blackjack-wa/build.sbt. Using presentation compiler with project's scala-library version: 3.3.6
2025.10.09 12:38:59 INFO  no build target found for /Users/jonathangallus/WebApps/blackjack-wa/build.sbt. Using presentation compiler with project's scala-library version: 3.3.6
2025.10.09 12:38:59 INFO  no build target found for /Users/jonathangallus/WebApps/blackjack-wa/build.sbt. Using presentation compiler with project's scala-library version: 3.3.6
2025.10.09 12:38:59 INFO  no build target found for /Users/jonathangallus/WebApps/blackjack-wa/build.sbt. Using presentation compiler with project's scala-library version: 3.3.6
2025.10.09 12:38:59 WARN  no build target for: /Users/jonathangallus/WebApps/blackjack-wa/build.sbt
2025.10.09 12:38:59 INFO  no build target found for /Users/jonathangallus/WebApps/blackjack-wa/build.sbt. Using presentation compiler with project's scala-library version: 3.3.6
2025.10.09 12:38:59 INFO  skipping build import with status 'Dismissed'
2025.10.09 12:38:59 INFO  no build target found for /Users/jonathangallus/WebApps/blackjack-wa/build.sbt. Using presentation compiler with project's scala-library version: 3.3.6
2025.10.09 12:39:00 INFO  no build target found for /Users/jonathangallus/WebApps/blackjack-wa/build.sbt. Using presentation compiler with project's scala-library version: 3.3.6
2025.10.09 12:39:00 INFO  no build target found for /Users/jonathangallus/WebApps/blackjack-wa/build.sbt. Using presentation compiler with project's scala-library version: 3.3.6
2025.10.09 12:39:01 INFO  no build target found for /Users/jonathangallus/WebApps/blackjack-wa/build.sbt. Using presentation compiler with project's scala-library version: 3.3.6
2025.10.09 12:39:01 INFO  no build target found for /Users/jonathangallus/WebApps/blackjack-wa/build.sbt. Using presentation compiler with project's scala-library version: 3.3.6
2025.10.09 12:39:02 INFO  no build target found for /Users/jonathangallus/WebApps/blackjack-wa/build.sbt. Using presentation compiler with project's scala-library version: 3.3.6
2025.10.09 12:39:04 INFO  no build target found for /Users/jonathangallus/WebApps/blackjack-wa/build.sbt. Using presentation compiler with project's scala-library version: 3.3.6
2025.10.09 12:39:06 INFO  no build target found for /Users/jonathangallus/WebApps/blackjack-wa/build.sbt. Using presentation compiler with project's scala-library version: 3.3.6
2025.10.09 12:39:06 INFO  no build target found for /Users/jonathangallus/WebApps/blackjack-wa/build.sbt. Using presentation compiler with project's scala-library version: 3.3.6
2025.10.09 12:39:07 INFO  no build target found for /Users/jonathangallus/WebApps/blackjack-wa/build.sbt. Using presentation compiler with project's scala-library version: 3.3.6
2025.10.09 14:24:39 INFO  no build target found for /Users/jonathangallus/WebApps/blackjack-wa/build.sbt. Using presentation compiler with project's scala-library version: 3.3.6
2025.10.09 14:24:41 INFO  no build target found for /Users/jonathangallus/WebApps/blackjack-wa/build.sbt. Using presentation compiler with project's scala-library version: 3.3.6
2025.10.09 14:24:41 INFO  no build target found for /Users/jonathangallus/WebApps/blackjack-wa/build.sbt. Using presentation compiler with project's scala-library version: 3.3.6
2025.10.09 14:24:46 INFO  no build target found for /Users/jonathangallus/WebApps/blackjack-wa/build.sbt. Using presentation compiler with project's scala-library version: 3.3.6
2025.10.09 14:24:48 INFO  no build target found for /Users/jonathangallus/WebApps/blackjack-wa/build.sbt. Using presentation compiler with project's scala-library version: 3.3.6
2025.10.09 14:24:48 INFO  no build target found for /Users/jonathangallus/WebApps/blackjack-wa/build.sbt. Using presentation compiler with project's scala-library version: 3.3.6
2025.10.09 14:24:48 INFO  no build target found for /Users/jonathangallus/WebApps/blackjack-wa/build.sbt. Using presentation compiler with project's scala-library version: 3.3.6
2025.10.09 14:24:51 INFO  no build target found for /Users/jonathangallus/WebApps/blackjack-wa/build.sbt. Using presentation compiler with project's scala-library version: 3.3.6
2025.10.09 14:24:51 WARN  no build target for: /Users/jonathangallus/WebApps/blackjack-wa/build.sbt
2025.10.09 14:24:51 INFO  no build target found for /Users/jonathangallus/WebApps/blackjack-wa/build.sbt. Using presentation compiler with project's scala-library version: 3.3.6
2025.10.09 14:24:51 INFO  no build target found for /Users/jonathangallus/WebApps/blackjack-wa/build.sbt. Using presentation compiler with project's scala-library version: 3.3.6
2025.10.09 14:24:57 INFO  no build target found for /Users/jonathangallus/WebApps/blackjack-wa/build.sbt. Using presentation compiler with project's scala-library version: 3.3.6
2025.10.09 14:24:58 INFO  no build target found for /Users/jonathangallus/WebApps/blackjack-wa/build.sbt. Using presentation compiler with project's scala-library version: 3.3.6
2025.10.09 14:25:06 INFO  no build target found for /Users/jonathangallus/WebApps/blackjack-wa/build.sbt. Using presentation compiler with project's scala-library version: 3.3.6
2025.10.09 14:25:06 INFO  no build target found for /Users/jonathangallus/WebApps/blackjack-wa/build.sbt. Using presentation compiler with project's scala-library version: 3.3.6
2025.10.09 14:25:06 INFO  no build target found for /Users/jonathangallus/WebApps/blackjack-wa/build.sbt. Using presentation compiler with project's scala-library version: 3.3.6
2025.10.09 14:25:11 INFO  no build target found for /Users/jonathangallus/WebApps/blackjack-wa/build.sbt. Using presentation compiler with project's scala-library version: 3.3.6
2025.10.09 14:25:16 INFO  no build target found for /Users/jonathangallus/WebApps/blackjack-wa/build.sbt. Using presentation compiler with project's scala-library version: 3.3.6
2025.10.09 14:25:17 INFO  no build target found for /Users/jonathangallus/WebApps/blackjack-wa/build.sbt. Using presentation compiler with project's scala-library version: 3.3.6
2025.10.09 14:25:17 INFO  no build target found for /Users/jonathangallus/WebApps/blackjack-wa/build.sbt. Using presentation compiler with project's scala-library version: 3.3.6
2025.10.09 14:25:17 INFO  no build target found for /Users/jonathangallus/WebApps/blackjack-wa/build.sbt. Using presentation compiler with project's scala-library version: 3.3.6
2025.10.09 14:25:17 INFO  no build target found for /Users/jonathangallus/WebApps/blackjack-wa/build.sbt. Using presentation compiler with project's scala-library version: 3.3.6
2025.10.09 14:25:17 INFO  no build target found for /Users/jonathangallus/WebApps/blackjack-wa/build.sbt. Using presentation compiler with project's scala-library version: 3.3.6
2025.10.09 14:25:18 INFO  no build target found for /Users/jonathangallus/WebApps/blackjack-wa/build.sbt. Using presentation compiler with project's scala-library version: 3.3.6
2025.10.09 14:25:18 INFO  no build target found for /Users/jonathangallus/WebApps/blackjack-wa/build.sbt. Using presentation compiler with project's scala-library version: 3.3.6
2025.10.09 14:25:20 INFO  no build target found for /Users/jonathangallus/WebApps/blackjack-wa/build.sbt. Using presentation compiler with project's scala-library version: 3.3.6
2025.10.09 14:25:20 INFO  no build target found for /Users/jonathangallus/WebApps/blackjack-wa/build.sbt. Using presentation compiler with project's scala-library version: 3.3.6
2025.10.09 14:25:20 INFO  no build target found for /Users/jonathangallus/WebApps/blackjack-wa/build.sbt. Using presentation compiler with project's scala-library version: 3.3.6
2025.10.09 14:25:20 INFO  no build target found for /Users/jonathangallus/WebApps/blackjack-wa/build.sbt. Using presentation compiler with project's scala-library version: 3.3.6
2025.10.09 14:25:23 INFO  no build target found for /Users/jonathangallus/WebApps/blackjack-wa/build.sbt. Using presentation compiler with project's scala-library version: 3.3.6
2025.10.09 14:25:23 INFO  no build target found for /Users/jonathangallus/WebApps/blackjack-wa/build.sbt. Using presentation compiler with project's scala-library version: 3.3.6
2025.10.09 14:25:23 INFO  no build target found for /Users/jonathangallus/WebApps/blackjack-wa/build.sbt. Using presentation compiler with project's scala-library version: 3.3.6
2025.10.09 14:25:26 INFO  no build target found for /Users/jonathangallus/WebApps/blackjack-wa/build.sbt. Using presentation compiler with project's scala-library version: 3.3.6
2025.10.09 14:25:26 INFO  no build target found for /Users/jonathangallus/WebApps/blackjack-wa/build.sbt. Using presentation compiler with project's scala-library version: 3.3.6
2025.10.09 14:25:26 INFO  no build target found for /Users/jonathangallus/WebApps/blackjack-wa/build.sbt. Using presentation compiler with project's scala-library version: 3.3.6
2025.10.09 14:25:29 INFO  no build target found for /Users/jonathangallus/WebApps/blackjack-wa/build.sbt. Using presentation compiler with project's scala-library version: 3.3.6
2025.10.09 14:25:32 INFO  no build target found for /Users/jonathangallus/WebApps/blackjack-wa/build.sbt. Using presentation compiler with project's scala-library version: 3.3.6
2025.10.09 14:25:32 INFO  Created report: Optional[file:///Users/jonathangallus/WebApps/blackjack-wa/build.sbt]
2025.10.09 14:25:32 INFO  empty definition using pc, found symbol in pc: `<none>`. (full report at: "/Users/jonathangallus/WebApps/blackjack-wa/.metals/.reports/metals-full/2025-10-09/r_empty-definition_14-25-32-907.md")
2025.10.09 14:25:32 INFO  no build target found for /Users/jonathangallus/WebApps/blackjack-wa/build.sbt. Using presentation compiler with project's scala-library version: 3.3.6
2025.10.09 14:25:32 INFO  no build target found for /Users/jonathangallus/WebApps/blackjack-wa/build.sbt. Using presentation compiler with project's scala-library version: 3.3.6
2025.10.09 14:25:32 INFO  no build target found for /Users/jonathangallus/WebApps/blackjack-wa/build.sbt. Using presentation compiler with project's scala-library version: 3.3.6
2025.10.09 14:25:32 INFO  no build target found for /Users/jonathangallus/WebApps/blackjack-wa/build.sbt. Using presentation compiler with project's scala-library version: 3.3.6
2025.10.09 14:25:36 INFO  no build target found for /Users/jonathangallus/WebApps/blackjack-wa/build.sbt. Using presentation compiler with project's scala-library version: 3.3.6
2025.10.09 14:25:36 INFO  no build target found for /Users/jonathangallus/WebApps/blackjack-wa/build.sbt. Using presentation compiler with project's scala-library version: 3.3.6
2025.10.09 14:25:36 INFO  no build target found for /Users/jonathangallus/WebApps/blackjack-wa/build.sbt. Using presentation compiler with project's scala-library version: 3.3.6
2025.10.09 14:25:38 INFO  no build target found for /Users/jonathangallus/WebApps/blackjack-wa/build.sbt. Using presentation compiler with project's scala-library version: 3.3.6
2025.10.09 14:25:38 INFO  no build target found for /Users/jonathangallus/WebApps/blackjack-wa/build.sbt. Using presentation compiler with project's scala-library version: 3.3.6
2025.10.09 14:25:39 INFO  no build target found for /Users/jonathangallus/WebApps/blackjack-wa/build.sbt. Using presentation compiler with project's scala-library version: 3.3.6
2025.10.09 14:25:39 INFO  no build target found for /Users/jonathangallus/WebApps/blackjack-wa/build.sbt. Using presentation compiler with project's scala-library version: 3.3.6
2025.10.09 14:25:40 WARN  no build target for: /Users/jonathangallus/WebApps/blackjack-wa/build.sbt
2025.10.09 14:25:40 INFO  no build target found for /Users/jonathangallus/WebApps/blackjack-wa/build.sbt. Using presentation compiler with project's scala-library version: 3.3.6
2025.10.09 14:25:40 INFO  no build target found for /Users/jonathangallus/WebApps/blackjack-wa/build.sbt. Using presentation compiler with project's scala-library version: 3.3.6
2025.10.09 14:25:59 INFO  no build target found for /Users/jonathangallus/WebApps/blackjack-wa/build.sbt. Using presentation compiler with project's scala-library version: 3.3.6
2025.10.09 14:25:59 INFO  no build target found for /Users/jonathangallus/WebApps/blackjack-wa/build.sbt. Using presentation compiler with project's scala-library version: 3.3.6
2025.10.09 14:25:59 INFO  no build target found for /Users/jonathangallus/WebApps/blackjack-wa/build.sbt. Using presentation compiler with project's scala-library version: 3.3.6
2025.10.09 14:25:59 INFO  no build target found for /Users/jonathangallus/WebApps/blackjack-wa/build.sbt. Using presentation compiler with project's scala-library version: 3.3.6
2025.10.09 14:25:59 INFO  no build target found for /Users/jonathangallus/WebApps/blackjack-wa/build.sbt. Using presentation compiler with project's scala-library version: 3.3.6
2025.10.09 14:26:00 INFO  no build target found for /Users/jonathangallus/WebApps/blackjack-wa/build.sbt. Using presentation compiler with project's scala-library version: 3.3.6
2025.10.09 14:26:00 INFO  no build target found for /Users/jonathangallus/WebApps/blackjack-wa/build.sbt. Using presentation compiler with project's scala-library version: 3.3.6
2025.10.09 14:26:02 INFO  no build target found for /Users/jonathangallus/WebApps/blackjack-wa/build.sbt. Using presentation compiler with project's scala-library version: 3.3.6
2025.10.09 14:26:02 INFO  no build target found for /Users/jonathangallus/WebApps/blackjack-wa/build.sbt. Using presentation compiler with project's scala-library version: 3.3.6
2025.10.09 14:26:02 INFO  no build target found for /Users/jonathangallus/WebApps/blackjack-wa/build.sbt. Using presentation compiler with project's scala-library version: 3.3.6
2025.10.09 14:26:03 INFO  no build target found for /Users/jonathangallus/WebApps/blackjack-wa/build.sbt. Using presentation compiler with project's scala-library version: 3.3.6
2025.10.09 14:26:03 INFO  no build target found for /Users/jonathangallus/WebApps/blackjack-wa/build.sbt. Using presentation compiler with project's scala-library version: 3.3.6
2025.10.09 14:26:04 INFO  no build target found for /Users/jonathangallus/WebApps/blackjack-wa/build.sbt. Using presentation compiler with project's scala-library version: 3.3.6
2025.10.09 14:26:04 INFO  no build target found for /Users/jonathangallus/WebApps/blackjack-wa/build.sbt. Using presentation compiler with project's scala-library version: 3.3.6
2025.10.09 14:26:06 INFO  no build target found for /Users/jonathangallus/WebApps/blackjack-wa/build.sbt. Using presentation compiler with project's scala-library version: 3.3.6
2025.10.09 14:26:06 INFO  no build target found for /Users/jonathangallus/WebApps/blackjack-wa/build.sbt. Using presentation compiler with project's scala-library version: 3.3.6
2025.10.09 14:26:06 INFO  no build target found for /Users/jonathangallus/WebApps/blackjack-wa/build.sbt. Using presentation compiler with project's scala-library version: 3.3.6
2025.10.09 14:26:11 INFO  no build target found for /Users/jonathangallus/WebApps/blackjack-wa/build.sbt. Using presentation compiler with project's scala-library version: 3.3.6
2025.10.09 14:26:12 INFO  no build target found for /Users/jonathangallus/WebApps/blackjack-wa/build.sbt. Using presentation compiler with project's scala-library version: 3.3.6
2025.10.09 14:26:12 INFO  no build target found for /Users/jonathangallus/WebApps/blackjack-wa/build.sbt. Using presentation compiler with project's scala-library version: 3.3.6
2025.10.09 14:26:11 INFO  no build target found for /Users/jonathangallus/WebApps/blackjack-wa/build.sbt. Using presentation compiler with project's scala-library version: 3.3.6
2025.10.09 14:26:12 INFO  no build target found for /Users/jonathangallus/WebApps/blackjack-wa/build.sbt. Using presentation compiler with project's scala-library version: 3.3.6
2025.10.09 14:26:12 INFO  no build target found for /Users/jonathangallus/WebApps/blackjack-wa/build.sbt. Using presentation compiler with project's scala-library version: 3.3.6
2025.10.09 14:26:27 INFO  no build target found for /Users/jonathangallus/WebApps/blackjack-wa/build.sbt. Using presentation compiler with project's scala-library version: 3.3.6
2025.10.09 14:26:31 INFO  no build target found for /Users/jonathangallus/WebApps/blackjack-wa/build.sbt. Using presentation compiler with project's scala-library version: 3.3.6
2025.10.09 14:26:31 INFO  no build target found for /Users/jonathangallus/WebApps/blackjack-wa/build.sbt. Using presentation compiler with project's scala-library version: 3.3.6
2025.10.09 14:26:31 INFO  no build target found for /Users/jonathangallus/WebApps/blackjack-wa/build.sbt. Using presentation compiler with project's scala-library version: 3.3.6
2025.10.09 14:26:31 INFO  no build target found for /Users/jonathangallus/WebApps/blackjack-wa/build.sbt. Using presentation compiler with project's scala-library version: 3.3.6
2025.10.09 14:26:31 INFO  no build target found for /Users/jonathangallus/WebApps/blackjack-wa/build.sbt. Using presentation compiler with project's scala-library version: 3.3.6
2025.10.09 14:26:31 INFO  no build target found for /Users/jonathangallus/WebApps/blackjack-wa/build.sbt. Using presentation compiler with project's scala-library version: 3.3.6
2025.10.09 14:26:31 INFO  no build target found for /Users/jonathangallus/WebApps/blackjack-wa/build.sbt. Using presentation compiler with project's scala-library version: 3.3.6
2025.10.09 14:26:33 INFO  no build target found for /Users/jonathangallus/WebApps/blackjack-wa/build.sbt. Using presentation compiler with project's scala-library version: 3.3.6
2025.10.09 14:26:33 INFO  no build target found for /Users/jonathangallus/WebApps/blackjack-wa/build.sbt. Using presentation compiler with project's scala-library version: 3.3.6
2025.10.09 14:26:33 INFO  no build target found for /Users/jonathangallus/WebApps/blackjack-wa/build.sbt. Using presentation compiler with project's scala-library version: 3.3.6
2025.10.09 14:26:41 INFO  no build target found for /Users/jonathangallus/WebApps/blackjack-wa/build.sbt. Using presentation compiler with project's scala-library version: 3.3.6
2025.10.09 14:26:41 INFO  no build target found for /Users/jonathangallus/WebApps/blackjack-wa/build.sbt. Using presentation compiler with project's scala-library version: 3.3.6
2025.10.09 14:26:42 INFO  no build target found for /Users/jonathangallus/WebApps/blackjack-wa/build.sbt. Using presentation compiler with project's scala-library version: 3.3.6
2025.10.09 14:26:42 INFO  no build target found for /Users/jonathangallus/WebApps/blackjack-wa/build.sbt. Using presentation compiler with project's scala-library version: 3.3.6
2025.10.09 14:26:43 INFO  no build target found for /Users/jonathangallus/WebApps/blackjack-wa/build.sbt. Using presentation compiler with project's scala-library version: 3.3.6
2025.10.09 14:26:43 INFO  no build target found for /Users/jonathangallus/WebApps/blackjack-wa/build.sbt. Using presentation compiler with project's scala-library version: 3.3.6
2025.10.09 14:26:43 INFO  no build target found for /Users/jonathangallus/WebApps/blackjack-wa/build.sbt. Using presentation compiler with project's scala-library version: 3.3.6
2025.10.09 14:26:44 INFO  no build target found for /Users/jonathangallus/WebApps/blackjack-wa/build.sbt. Using presentation compiler with project's scala-library version: 3.3.6
2025.10.09 14:26:44 INFO  no build target found for /Users/jonathangallus/WebApps/blackjack-wa/build.sbt. Using presentation compiler with project's scala-library version: 3.3.6
2025.10.09 14:26:53 INFO  no build target found for /Users/jonathangallus/WebApps/blackjack-wa/build.sbt. Using presentation compiler with project's scala-library version: 3.3.6
2025.10.09 14:26:59 INFO  no build target found for /Users/jonathangallus/WebApps/blackjack-wa/build.sbt. Using presentation compiler with project's scala-library version: 3.3.6
2025.10.09 14:26:59 INFO  no build target found for /Users/jonathangallus/WebApps/blackjack-wa/build.sbt. Using presentation compiler with project's scala-library version: 3.3.6
2025.10.09 14:27:01 INFO  no build target found for /Users/jonathangallus/WebApps/blackjack-wa/build.sbt. Using presentation compiler with project's scala-library version: 3.3.6
2025.10.09 14:27:03 INFO  no build target found for /Users/jonathangallus/WebApps/blackjack-wa/build.sbt. Using presentation compiler with project's scala-library version: 3.3.6
2025.10.09 14:27:03 INFO  no build target found for /Users/jonathangallus/WebApps/blackjack-wa/build.sbt. Using presentation compiler with project's scala-library version: 3.3.6
2025.10.09 14:27:03 INFO  no build target found for /Users/jonathangallus/WebApps/blackjack-wa/build.sbt. Using presentation compiler with project's scala-library version: 3.3.6
2025.10.09 14:27:04 INFO  no build target found for /Users/jonathangallus/WebApps/blackjack-wa/build.sbt. Using presentation compiler with project's scala-library version: 3.3.6
2025.10.09 14:27:04 INFO  no build target found for /Users/jonathangallus/WebApps/blackjack-wa/build.sbt. Using presentation compiler with project's scala-library version: 3.3.6
2025.10.09 14:27:07 INFO  no build target found for /Users/jonathangallus/WebApps/blackjack-wa/build.sbt. Using presentation compiler with project's scala-library version: 3.3.6
2025.10.09 14:27:07 INFO  no build target found for /Users/jonathangallus/WebApps/blackjack-wa/build.sbt. Using presentation compiler with project's scala-library version: 3.3.6
2025.10.09 14:27:07 INFO  no build target found for /Users/jonathangallus/WebApps/blackjack-wa/build.sbt. Using presentation compiler with project's scala-library version: 3.3.6
2025.10.09 14:27:07 INFO  no build target found for /Users/jonathangallus/WebApps/blackjack-wa/build.sbt. Using presentation compiler with project's scala-library version: 3.3.6
2025.10.09 14:27:09 WARN  no build target for: /Users/jonathangallus/WebApps/blackjack-wa/build.sbt
2025.10.09 14:27:09 INFO  no build target found for /Users/jonathangallus/WebApps/blackjack-wa/build.sbt. Using presentation compiler with project's scala-library version: 3.3.6
2025.10.09 14:27:09 INFO  no build target found for /Users/jonathangallus/WebApps/blackjack-wa/build.sbt. Using presentation compiler with project's scala-library version: 3.3.6
2025.10.09 14:27:17 INFO  no build target found for /Users/jonathangallus/WebApps/blackjack-wa/build.sbt. Using presentation compiler with project's scala-library version: 3.3.6
2025.10.09 14:27:20 WARN  no build target for: /Users/jonathangallus/WebApps/blackjack-wa/build.sbt
2025.10.09 14:27:20 INFO  no build target found for /Users/jonathangallus/WebApps/blackjack-wa/build.sbt. Using presentation compiler with project's scala-library version: 3.3.6
2025.10.09 14:27:20 INFO  no build target found for /Users/jonathangallus/WebApps/blackjack-wa/build.sbt. Using presentation compiler with project's scala-library version: 3.3.6
2025.10.09 14:27:54 INFO  no build target found for /Users/jonathangallus/WebApps/blackjack-wa/build.sbt. Using presentation compiler with project's scala-library version: 3.3.6
2025.10.09 14:27:54 INFO  no build target found for /Users/jonathangallus/WebApps/blackjack-wa/build.sbt. Using presentation compiler with project's scala-library version: 3.3.6
2025.10.09 14:27:54 INFO  no build target found for /Users/jonathangallus/WebApps/blackjack-wa/build.sbt. Using presentation compiler with project's scala-library version: 3.3.6
2025.10.09 14:27:54 INFO  no build target found for /Users/jonathangallus/WebApps/blackjack-wa/build.sbt. Using presentation compiler with project's scala-library version: 3.3.6
2025.10.09 14:27:55 INFO  no build target found for /Users/jonathangallus/WebApps/blackjack-wa/build.sbt. Using presentation compiler with project's scala-library version: 3.3.6
2025.10.09 14:27:55 INFO  no build target found for /Users/jonathangallus/WebApps/blackjack-wa/build.sbt. Using presentation compiler with project's scala-library version: 3.3.6
2025.10.09 14:27:56 INFO  no build target found for /Users/jonathangallus/WebApps/blackjack-wa/build.sbt. Using presentation compiler with project's scala-library version: 3.3.6
2025.10.09 14:27:56 INFO  no build target found for /Users/jonathangallus/WebApps/blackjack-wa/build.sbt. Using presentation compiler with project's scala-library version: 3.3.6
2025.10.09 14:27:56 INFO  no build target found for /Users/jonathangallus/WebApps/blackjack-wa/build.sbt. Using presentation compiler with project's scala-library version: 3.3.6
2025.10.09 14:27:56 WARN  no build target for: /Users/jonathangallus/WebApps/blackjack-wa/build.sbt
2025.10.09 14:27:56 INFO  no build target found for /Users/jonathangallus/WebApps/blackjack-wa/build.sbt. Using presentation compiler with project's scala-library version: 3.3.6
2025.10.09 14:27:57 INFO  no build target found for /Users/jonathangallus/WebApps/blackjack-wa/build.sbt. Using presentation compiler with project's scala-library version: 3.3.6
2025.10.09 14:29:27 INFO  no build target found for /Users/jonathangallus/WebApps/blackjack-wa/build.sbt. Using presentation compiler with project's scala-library version: 3.3.6
2025.10.09 14:29:27 INFO  no build target found for /Users/jonathangallus/WebApps/blackjack-wa/build.sbt. Using presentation compiler with project's scala-library version: 3.3.6
2025.10.09 14:29:27 INFO  no build target found for /Users/jonathangallus/WebApps/blackjack-wa/build.sbt. Using presentation compiler with project's scala-library version: 3.3.6
2025.10.09 14:29:30 INFO  no build target found for /Users/jonathangallus/WebApps/blackjack-wa/build.sbt. Using presentation compiler with project's scala-library version: 3.3.6
2025.10.09 14:29:30 INFO  no build target found for /Users/jonathangallus/WebApps/blackjack-wa/build.sbt. Using presentation compiler with project's scala-library version: 3.3.6
2025.10.09 14:29:31 INFO  no build target found for /Users/jonathangallus/WebApps/blackjack-wa/build.sbt. Using presentation compiler with project's scala-library version: 3.3.6
2025.10.09 14:29:31 INFO  no build target found for /Users/jonathangallus/WebApps/blackjack-wa/build.sbt. Using presentation compiler with project's scala-library version: 3.3.6
2025.10.09 14:29:31 INFO  no build target found for /Users/jonathangallus/WebApps/blackjack-wa/build.sbt. Using presentation compiler with project's scala-library version: 3.3.6
2025.10.09 14:29:31 WARN  no build target for: /Users/jonathangallus/WebApps/blackjack-wa/build.sbt
2025.10.09 14:29:32 INFO  no build target found for /Users/jonathangallus/WebApps/blackjack-wa/build.sbt. Using presentation compiler with project's scala-library version: 3.3.6
2025.10.09 14:29:32 INFO  no build target found for /Users/jonathangallus/WebApps/blackjack-wa/build.sbt. Using presentation compiler with project's scala-library version: 3.3.6
2025.10.09 14:29:33 INFO  no build target found for /Users/jonathangallus/WebApps/blackjack-wa/build.sbt. Using presentation compiler with project's scala-library version: 3.3.6
2025.10.09 14:36:31 INFO  no build target found for /Users/jonathangallus/WebApps/blackjack-wa/build.sbt. Using presentation compiler with project's scala-library version: 3.3.6
2025.10.09 15:24:39 INFO  Shutting down server
2025.10.09 15:24:39 INFO  shutting down Metals
2025.10.09 15:24:39 INFO  Exiting server
2025.10.10 18:07:14 INFO  Started: Metals version 1.6.2 in folders '/Users/jonathangallus/WebApps/blackjack-wa' for client Cursor 1.99.3.
2025.10.10 18:07:17 INFO  no build target found for /Users/jonathangallus/WebApps/blackjack-wa/build.sbt. Using presentation compiler with project's scala-library version: 3.3.6
2025.10.10 18:08:45 INFO  no build target found for /Users/jonathangallus/WebApps/blackjack-wa/build.sbt. Using presentation compiler with project's scala-library version: 3.3.6
2025.10.10 18:08:45 WARN  no build target for: /Users/jonathangallus/WebApps/blackjack-wa/build.sbt
2025.10.10 18:08:45 INFO  no build target found for /Users/jonathangallus/WebApps/blackjack-wa/build.sbt. Using presentation compiler with project's scala-library version: 3.3.6
2025.10.10 18:08:45 INFO  no build target found for /Users/jonathangallus/WebApps/blackjack-wa/build.sbt. Using presentation compiler with project's scala-library version: 3.3.6
2025.10.10 18:17:30 INFO  no build target found for /Users/jonathangallus/WebApps/blackjack-wa/blackjack/build.sbt. Using presentation compiler with project's scala-library version: 3.3.6
2025.10.10 18:17:30 WARN  no build target for: /Users/jonathangallus/WebApps/blackjack-wa/blackjack/build.sbt
2025.10.10 18:17:30 INFO  no build target found for /Users/jonathangallus/WebApps/blackjack-wa/blackjack/build.sbt. Using presentation compiler with project's scala-library version: 3.3.6
2025.10.10 18:17:30 INFO  no build target found for /Users/jonathangallus/WebApps/blackjack-wa/blackjack/build.sbt. Using presentation compiler with project's scala-library version: 3.3.6
2025.10.10 18:17:31 INFO  no build target found for /Users/jonathangallus/WebApps/blackjack-wa/blackjack/build.sbt. Using presentation compiler with project's scala-library version: 3.3.6
2025.10.10 18:17:51 INFO  no build target found for /Users/jonathangallus/WebApps/blackjack-wa/blackjack/build.sbt. Using presentation compiler with project's scala-library version: 3.3.6
2025.10.10 18:17:55 INFO  no build target found for /Users/jonathangallus/WebApps/blackjack-wa/blackjack/build.sbt. Using presentation compiler with project's scala-library version: 3.3.6
2025.10.10 18:17:55 INFO  no build target found for /Users/jonathangallus/WebApps/blackjack-wa/blackjack/build.sbt. Using presentation compiler with project's scala-library version: 3.3.6
2025.10.10 18:17:55 INFO  no build target found for /Users/jonathangallus/WebApps/blackjack-wa/blackjack/build.sbt. Using presentation compiler with project's scala-library version: 3.3.6
2025.10.10 18:18:00 INFO  no build target found for /Users/jonathangallus/WebApps/blackjack-wa/blackjack/build.sbt. Using presentation compiler with project's scala-library version: 3.3.6
2025.10.10 18:18:02 INFO  no build target found for /Users/jonathangallus/WebApps/blackjack-wa/blackjack/build.sbt. Using presentation compiler with project's scala-library version: 3.3.6
2025.10.10 18:18:02 INFO  no build target found for /Users/jonathangallus/WebApps/blackjack-wa/blackjack/build.sbt. Using presentation compiler with project's scala-library version: 3.3.6
2025.10.10 18:18:03 INFO  no build target found for /Users/jonathangallus/WebApps/blackjack-wa/blackjack/build.sbt. Using presentation compiler with project's scala-library version: 3.3.6
2025.10.10 18:18:03 INFO  no build target found for /Users/jonathangallus/WebApps/blackjack-wa/blackjack/build.sbt. Using presentation compiler with project's scala-library version: 3.3.6
2025.10.10 18:18:04 INFO  no build target found for /Users/jonathangallus/WebApps/blackjack-wa/blackjack/build.sbt. Using presentation compiler with project's scala-library version: 3.3.6
2025.10.10 18:18:09 INFO  no build target found for /Users/jonathangallus/WebApps/blackjack-wa/blackjack/build.sbt. Using presentation compiler with project's scala-library version: 3.3.6
2025.10.10 18:18:09 INFO  no build target found for /Users/jonathangallus/WebApps/blackjack-wa/blackjack/build.sbt. Using presentation compiler with project's scala-library version: 3.3.6
2025.10.10 18:18:09 INFO  no build target found for /Users/jonathangallus/WebApps/blackjack-wa/blackjack/build.sbt. Using presentation compiler with project's scala-library version: 3.3.6
2025.10.10 18:18:09 INFO  no build target found for /Users/jonathangallus/WebApps/blackjack-wa/blackjack/build.sbt. Using presentation compiler with project's scala-library version: 3.3.6
2025.10.10 18:18:10 INFO  no build target found for /Users/jonathangallus/WebApps/blackjack-wa/blackjack/build.sbt. Using presentation compiler with project's scala-library version: 3.3.6
2025.10.10 18:18:09 INFO  no build target found for /Users/jonathangallus/WebApps/blackjack-wa/blackjack/build.sbt. Using presentation compiler with project's scala-library version: 3.3.6
2025.10.10 18:18:10 INFO  no build target found for /Users/jonathangallus/WebApps/blackjack-wa/blackjack/build.sbt. Using presentation compiler with project's scala-library version: 3.3.6
2025.10.10 18:18:11 INFO  no build target found for /Users/jonathangallus/WebApps/blackjack-wa/blackjack/build.sbt. Using presentation compiler with project's scala-library version: 3.3.6
2025.10.10 18:18:11 INFO  no build target found for /Users/jonathangallus/WebApps/blackjack-wa/blackjack/build.sbt. Using presentation compiler with project's scala-library version: 3.3.6
2025.10.10 18:18:14 INFO  no build target found for /Users/jonathangallus/WebApps/blackjack-wa/blackjack/build.sbt. Using presentation compiler with project's scala-library version: 3.3.6
2025.10.10 18:18:14 WARN  no build target for: /Users/jonathangallus/WebApps/blackjack-wa/blackjack/build.sbt
2025.10.10 18:18:14 INFO  no build target found for /Users/jonathangallus/WebApps/blackjack-wa/blackjack/build.sbt. Using presentation compiler with project's scala-library version: 3.3.6
2025.10.10 18:18:16 INFO  no build target found for /Users/jonathangallus/WebApps/blackjack-wa/blackjack/build.sbt. Using presentation compiler with project's scala-library version: 3.3.6
2025.10.10 18:18:18 INFO  no build target found for /Users/jonathangallus/WebApps/blackjack-wa/blackjack/build.sbt. Using presentation compiler with project's scala-library version: 3.3.6
2025.10.10 18:18:18 INFO  no build target found for /Users/jonathangallus/WebApps/blackjack-wa/blackjack/build.sbt. Using presentation compiler with project's scala-library version: 3.3.6
2025.10.10 18:18:19 INFO  no build target found for /Users/jonathangallus/WebApps/blackjack-wa/blackjack/build.sbt. Using presentation compiler with project's scala-library version: 3.3.6
2025.10.10 18:18:20 INFO  no build target found for /Users/jonathangallus/WebApps/blackjack-wa/blackjack/build.sbt. Using presentation compiler with project's scala-library version: 3.3.6
2025.10.10 18:18:20 INFO  no build target found for /Users/jonathangallus/WebApps/blackjack-wa/blackjack/build.sbt. Using presentation compiler with project's scala-library version: 3.3.6
2025.10.10 18:18:20 INFO  no build target found for /Users/jonathangallus/WebApps/blackjack-wa/blackjack/build.sbt. Using presentation compiler with project's scala-library version: 3.3.6
2025.10.10 18:18:21 WARN  no build target for: /Users/jonathangallus/WebApps/blackjack-wa/blackjack/build.sbt
2025.10.10 18:18:21 INFO  no build target found for /Users/jonathangallus/WebApps/blackjack-wa/blackjack/build.sbt. Using presentation compiler with project's scala-library version: 3.3.6
2025.10.10 18:19:12 INFO  no build target found for /Users/jonathangallus/WebApps/blackjack-wa/blackjack/build.sbt. Using presentation compiler with project's scala-library version: 3.3.6
2025.10.10 18:22:04 INFO  no build target found for /Users/jonathangallus/WebApps/blackjack-wa/blackjack/build.sbt. Using presentation compiler with project's scala-library version: 3.3.6
2025.10.10 18:22:07 INFO  no build target found for /Users/jonathangallus/WebApps/blackjack-wa/blackjack/build.sbt. Using presentation compiler with project's scala-library version: 3.3.6
2025.10.10 18:22:07 INFO  no build target found for /Users/jonathangallus/WebApps/blackjack-wa/blackjack/build.sbt. Using presentation compiler with project's scala-library version: 3.3.6
2025.10.10 18:22:08 INFO  no build target found for /Users/jonathangallus/WebApps/blackjack-wa/blackjack/build.sbt. Using presentation compiler with project's scala-library version: 3.3.6
2025.10.10 18:22:08 INFO  no build target found for /Users/jonathangallus/WebApps/blackjack-wa/blackjack/build.sbt. Using presentation compiler with project's scala-library version: 3.3.6
2025.10.10 18:22:10 INFO  no build target found for /Users/jonathangallus/WebApps/blackjack-wa/blackjack/build.sbt. Using presentation compiler with project's scala-library version: 3.3.6
2025.10.10 18:22:11 INFO  no build target found for /Users/jonathangallus/WebApps/blackjack-wa/blackjack/build.sbt. Using presentation compiler with project's scala-library version: 3.3.6
2025.10.10 18:22:11 INFO  no build target found for /Users/jonathangallus/WebApps/blackjack-wa/blackjack/build.sbt. Using presentation compiler with project's scala-library version: 3.3.6
2025.10.10 18:22:11 INFO  no build target found for /Users/jonathangallus/WebApps/blackjack-wa/blackjack/build.sbt. Using presentation compiler with project's scala-library version: 3.3.6
2025.10.10 18:22:11 INFO  no build target found for /Users/jonathangallus/WebApps/blackjack-wa/blackjack/build.sbt. Using presentation compiler with project's scala-library version: 3.3.6
2025.10.10 18:22:11 INFO  no build target found for /Users/jonathangallus/WebApps/blackjack-wa/blackjack/build.sbt. Using presentation compiler with project's scala-library version: 3.3.6
2025.10.10 18:22:11 INFO  no build target found for /Users/jonathangallus/WebApps/blackjack-wa/blackjack/build.sbt. Using presentation compiler with project's scala-library version: 3.3.6
2025.10.10 18:22:12 INFO  no build target found for /Users/jonathangallus/WebApps/blackjack-wa/blackjack/build.sbt. Using presentation compiler with project's scala-library version: 3.3.6
2025.10.10 18:22:11 INFO  no build target found for /Users/jonathangallus/WebApps/blackjack-wa/blackjack/build.sbt. Using presentation compiler with project's scala-library version: 3.3.6
2025.10.10 18:22:12 INFO  no build target found for /Users/jonathangallus/WebApps/blackjack-wa/blackjack/build.sbt. Using presentation compiler with project's scala-library version: 3.3.6
2025.10.10 18:22:12 INFO  no build target found for /Users/jonathangallus/WebApps/blackjack-wa/blackjack/build.sbt. Using presentation compiler with project's scala-library version: 3.3.6
2025.10.10 18:22:15 WARN  no build target for: /Users/jonathangallus/WebApps/blackjack-wa/blackjack/build.sbt
2025.10.10 18:22:15 INFO  no build target found for /Users/jonathangallus/WebApps/blackjack-wa/blackjack/build.sbt. Using presentation compiler with project's scala-library version: 3.3.6
2025.10.10 18:22:34 INFO  no build target found for /Users/jonathangallus/WebApps/blackjack-wa/blackjack/build.sbt. Using presentation compiler with project's scala-library version: 3.3.6
2025.10.10 21:39:51 INFO  no build target found for /Users/jonathangallus/WebApps/blackjack-wa/blackjack/build.sbt. Using presentation compiler with project's scala-library version: 3.3.6
2025.10.10 21:59:52 INFO  no build target found for /Users/jonathangallus/WebApps/blackjack-wa/blackjack/build.sbt. Using presentation compiler with project's scala-library version: 3.3.6
2025.10.10 21:59:53 INFO  no build target found for /Users/jonathangallus/WebApps/blackjack-wa/blackjack/build.sbt. Using presentation compiler with project's scala-library version: 3.3.6
2025.10.10 22:00:38 INFO  no build target found for /Users/jonathangallus/WebApps/blackjack-wa/blackjack/build.sbt. Using presentation compiler with project's scala-library version: 3.3.6
2025.10.10 22:00:41 INFO  no build target found for /Users/jonathangallus/WebApps/blackjack-wa/blackjack/build.sbt. Using presentation compiler with project's scala-library version: 3.3.6
2025.10.10 22:00:44 INFO  no build target found for /Users/jonathangallus/WebApps/blackjack-wa/blackjack/build.sbt. Using presentation compiler with project's scala-library version: 3.3.6
2025.10.11 03:01:15 INFO  no build target found for /Users/jonathangallus/WebApps/blackjack-wa/blackjack/build.sbt. Using presentation compiler with project's scala-library version: 3.3.6
2025.10.11 03:01:22 INFO  no build target found for /Users/jonathangallus/WebApps/blackjack-wa/blackjack/build.sbt. Using presentation compiler with project's scala-library version: 3.3.6
2025.10.11 03:01:22 INFO  no build target found for /Users/jonathangallus/WebApps/blackjack-wa/blackjack/build.sbt. Using presentation compiler with project's scala-library version: 3.3.6
2025.10.11 03:01:24 INFO  no build target found for /Users/jonathangallus/WebApps/blackjack-wa/blackjack/build.sbt. Using presentation compiler with project's scala-library version: 3.3.6
2025.10.11 03:01:25 INFO  no build target found for /Users/jonathangallus/WebApps/blackjack-wa/blackjack/build.sbt. Using presentation compiler with project's scala-library version: 3.3.6
2025.10.11 03:01:25 INFO  no build target found for /Users/jonathangallus/WebApps/blackjack-wa/blackjack/build.sbt. Using presentation compiler with project's scala-library version: 3.3.6
2025.10.11 03:01:25 INFO  no build target found for /Users/jonathangallus/WebApps/blackjack-wa/blackjack/build.sbt. Using presentation compiler with project's scala-library version: 3.3.6
2025.10.11 03:01:25 INFO  no build target found for /Users/jonathangallus/WebApps/blackjack-wa/blackjack/build.sbt. Using presentation compiler with project's scala-library version: 3.3.6
2025.10.11 03:01:25 INFO  no build target found for /Users/jonathangallus/WebApps/blackjack-wa/blackjack/build.sbt. Using presentation compiler with project's scala-library version: 3.3.6
2025.10.11 03:01:25 INFO  no build target found for /Users/jonathangallus/WebApps/blackjack-wa/blackjack/build.sbt. Using presentation compiler with project's scala-library version: 3.3.6
2025.10.11 03:01:25 INFO  no build target found for /Users/jonathangallus/WebApps/blackjack-wa/blackjack/build.sbt. Using presentation compiler with project's scala-library version: 3.3.6
2025.10.11 03:01:25 INFO  no build target found for /Users/jonathangallus/WebApps/blackjack-wa/blackjack/build.sbt. Using presentation compiler with project's scala-library version: 3.3.6
2025.10.11 03:01:25 INFO  no build target found for /Users/jonathangallus/WebApps/blackjack-wa/blackjack/build.sbt. Using presentation compiler with project's scala-library version: 3.3.6
2025.10.11 03:01:25 INFO  no build target found for /Users/jonathangallus/WebApps/blackjack-wa/blackjack/build.sbt. Using presentation compiler with project's scala-library version: 3.3.6
2025.10.11 03:01:25 INFO  no build target found for /Users/jonathangallus/WebApps/blackjack-wa/blackjack/build.sbt. Using presentation compiler with project's scala-library version: 3.3.6
2025.10.11 03:01:25 INFO  no build target found for /Users/jonathangallus/WebApps/blackjack-wa/blackjack/build.sbt. Using presentation compiler with project's scala-library version: 3.3.6
2025.10.11 03:01:25 INFO  no build target found for /Users/jonathangallus/WebApps/blackjack-wa/blackjack/build.sbt. Using presentation compiler with project's scala-library version: 3.3.6
2025.10.11 03:01:26 INFO  no build target found for /Users/jonathangallus/WebApps/blackjack-wa/blackjack/build.sbt. Using presentation compiler with project's scala-library version: 3.3.6
2025.10.11 03:01:25 INFO  no build target found for /Users/jonathangallus/WebApps/blackjack-wa/blackjack/build.sbt. Using presentation compiler with project's scala-library version: 3.3.6
2025.10.11 03:01:26 INFO  no build target found for /Users/jonathangallus/WebApps/blackjack-wa/blackjack/build.sbt. Using presentation compiler with project's scala-library version: 3.3.6
2025.10.11 03:01:25 INFO  no build target found for /Users/jonathangallus/WebApps/blackjack-wa/blackjack/build.sbt. Using presentation compiler with project's scala-library version: 3.3.6
2025.10.11 03:01:25 INFO  no build target found for /Users/jonathangallus/WebApps/blackjack-wa/blackjack/build.sbt. Using presentation compiler with project's scala-library version: 3.3.6
2025.10.11 03:01:28 INFO  no build target found for /Users/jonathangallus/WebApps/blackjack-wa/blackjack/build.sbt. Using presentation compiler with project's scala-library version: 3.3.6
2025.10.11 03:01:28 INFO  no build target found for /Users/jonathangallus/WebApps/blackjack-wa/blackjack/build.sbt. Using presentation compiler with project's scala-library version: 3.3.6
2025.10.11 03:01:28 INFO  no build target found for /Users/jonathangallus/WebApps/blackjack-wa/blackjack/build.sbt. Using presentation compiler with project's scala-library version: 3.3.6
2025.10.11 03:01:28 INFO  no build target found for /Users/jonathangallus/WebApps/blackjack-wa/blackjack/build.sbt. Using presentation compiler with project's scala-library version: 3.3.6
2025.10.11 03:01:29 INFO  no build target found for /Users/jonathangallus/WebApps/blackjack-wa/blackjack/build.sbt. Using presentation compiler with project's scala-library version: 3.3.6
2025.10.11 03:01:31 INFO  no build target found for /Users/jonathangallus/WebApps/blackjack-wa/blackjack/build.sbt. Using presentation compiler with project's scala-library version: 3.3.6
2025.10.11 03:01:32 INFO  no build target found for /Users/jonathangallus/WebApps/blackjack-wa/blackjack/build.sbt. Using presentation compiler with project's scala-library version: 3.3.6
2025.10.11 03:01:32 INFO  no build target found for /Users/jonathangallus/WebApps/blackjack-wa/blackjack/build.sbt. Using presentation compiler with project's scala-library version: 3.3.6
2025.10.11 03:01:32 INFO  no build target found for /Users/jonathangallus/WebApps/blackjack-wa/blackjack/build.sbt. Using presentation compiler with project's scala-library version: 3.3.6
2025.10.11 03:01:32 INFO  no build target found for /Users/jonathangallus/WebApps/blackjack-wa/blackjack/build.sbt. Using presentation compiler with project's scala-library version: 3.3.6
2025.10.11 03:01:33 WARN  no build target for: /Users/jonathangallus/WebApps/blackjack-wa/blackjack/build.sbt
2025.10.11 03:01:33 INFO  no build target found for /Users/jonathangallus/WebApps/blackjack-wa/blackjack/build.sbt. Using presentation compiler with project's scala-library version: 3.3.6
2025.10.11 03:04:07 INFO  no build target found for /Users/jonathangallus/WebApps/blackjack-wa/blackjack/build.sbt. Using presentation compiler with project's scala-library version: 3.3.6
2025.10.11 03:04:08 INFO  no build target found for /Users/jonathangallus/WebApps/blackjack-wa/blackjack/build.sbt. Using presentation compiler with project's scala-library version: 3.3.6
2025.10.11 03:04:08 INFO  no build target found for /Users/jonathangallus/WebApps/blackjack-wa/blackjack/build.sbt. Using presentation compiler with project's scala-library version: 3.3.6
2025.10.11 03:04:09 INFO  no build target found for /Users/jonathangallus/WebApps/blackjack-wa/blackjack/build.sbt. Using presentation compiler with project's scala-library version: 3.3.6
2025.10.11 03:04:09 INFO  no build target found for /Users/jonathangallus/WebApps/blackjack-wa/blackjack/build.sbt. Using presentation compiler with project's scala-library version: 3.3.6
2025.10.11 03:04:09 INFO  no build target found for /Users/jonathangallus/WebApps/blackjack-wa/blackjack/build.sbt. Using presentation compiler with project's scala-library version: 3.3.6
2025.10.11 03:04:10 INFO  no build target found for /Users/jonathangallus/WebApps/blackjack-wa/blackjack/build.sbt. Using presentation compiler with project's scala-library version: 3.3.6
2025.10.11 03:04:10 INFO  no build target found for /Users/jonathangallus/WebApps/blackjack-wa/blackjack/build.sbt. Using presentation compiler with project's scala-library version: 3.3.6
2025.10.11 03:04:12 INFO  no build target found for /Users/jonathangallus/WebApps/blackjack-wa/blackjack/build.sbt. Using presentation compiler with project's scala-library version: 3.3.6
2025.10.11 03:04:12 INFO  no build target found for /Users/jonathangallus/WebApps/blackjack-wa/blackjack/build.sbt. Using presentation compiler with project's scala-library version: 3.3.6
2025.10.11 03:04:12 INFO  no build target found for /Users/jonathangallus/WebApps/blackjack-wa/blackjack/build.sbt. Using presentation compiler with project's scala-library version: 3.3.6
2025.10.11 03:04:12 INFO  no build target found for /Users/jonathangallus/WebApps/blackjack-wa/blackjack/build.sbt. Using presentation compiler with project's scala-library version: 3.3.6
2025.10.11 03:04:13 INFO  no build target found for /Users/jonathangallus/WebApps/blackjack-wa/blackjack/build.sbt. Using presentation compiler with project's scala-library version: 3.3.6
2025.10.11 03:04:14 INFO  no build target found for /Users/jonathangallus/WebApps/blackjack-wa/blackjack/build.sbt. Using presentation compiler with project's scala-library version: 3.3.6
2025.10.11 03:04:14 WARN  no build target for: /Users/jonathangallus/WebApps/blackjack-wa/blackjack/build.sbt
2025.10.11 03:04:14 INFO  no build target found for /Users/jonathangallus/WebApps/blackjack-wa/blackjack/build.sbt. Using presentation compiler with project's scala-library version: 3.3.6
2025.10.11 03:04:19 INFO  no build target found for /Users/jonathangallus/WebApps/blackjack-wa/blackjack/build.sbt. Using presentation compiler with project's scala-library version: 3.3.6
2025.10.11 03:04:39 INFO  no build target found for /Users/jonathangallus/WebApps/blackjack-wa/blackjack/src/main/scala/modules.BlackjackModule.scala. Using presentation compiler with project's scala-library version: 3.3.6
2025.10.11 03:04:39 WARN  no build target for: /Users/jonathangallus/WebApps/blackjack-wa/blackjack/src/main/scala/modules.BlackjackModule.scala
2025.10.11 03:04:39 INFO  no build target found for /Users/jonathangallus/WebApps/blackjack-wa/blackjack/src/main/scala/modules.BlackjackModule.scala. Using presentation compiler with project's scala-library version: 3.3.6
2025.10.11 03:04:39 INFO  no build target found for /Users/jonathangallus/WebApps/blackjack-wa/blackjack/src/main/scala/modules.BlackjackModule.scala. Using presentation compiler with project's scala-library version: 3.3.6
2025.10.11 03:04:39 INFO  no build target found for /Users/jonathangallus/WebApps/blackjack-wa/blackjack/src/main/scala/modules.BlackjackModule.scala. Using presentation compiler with project's scala-library version: 3.3.6
2025.10.11 03:04:41 INFO  no build target found for /Users/jonathangallus/WebApps/blackjack-wa/blackjack/src/main/scala/modules.BlackjackModule.scala. Using presentation compiler with project's scala-library version: 3.3.6
2025.10.11 03:04:41 INFO  no build target found for /Users/jonathangallus/WebApps/blackjack-wa/blackjack/src/main/scala/modules.BlackjackModule.scala. Using presentation compiler with project's scala-library version: 3.3.6
2025.10.11 03:04:41 INFO  no build target found for /Users/jonathangallus/WebApps/blackjack-wa/blackjack/src/main/scala/modules.BlackjackModule.scala. Using presentation compiler with project's scala-library version: 3.3.6
2025.10.11 03:04:43 INFO  no build target found for /Users/jonathangallus/WebApps/blackjack-wa/blackjack/src/main/scala/modules.BlackjackModule.scala. Using presentation compiler with project's scala-library version: 3.3.6
2025.10.11 03:04:44 INFO  no build target found for /Users/jonathangallus/WebApps/blackjack-wa/blackjack/src/main/scala/modules.BlackjackModule.scala. Using presentation compiler with project's scala-library version: 3.3.6
2025.10.11 03:04:44 INFO  no build target found for /Users/jonathangallus/WebApps/blackjack-wa/blackjack/src/main/scala/modules.BlackjackModule.scala. Using presentation compiler with project's scala-library version: 3.3.6
2025.10.11 03:04:46 INFO  no build target found for /Users/jonathangallus/WebApps/blackjack-wa/blackjack/src/main/scala/modules.BlackjackModule.scala. Using presentation compiler with project's scala-library version: 3.3.6
2025.10.11 03:04:46 WARN  no build target for: /Users/jonathangallus/WebApps/blackjack-wa/blackjack/src/main/scala/modules.BlackjackModule.scala
2025.10.11 03:04:46 INFO  no build target found for /Users/jonathangallus/WebApps/blackjack-wa/blackjack/src/main/scala/modules.BlackjackModule.scala. Using presentation compiler with project's scala-library version: 3.3.6
2025.10.11 03:05:33 INFO  no build target found for /Users/jonathangallus/WebApps/blackjack-wa/blackjack/src/main/scala/modules.BlackjackModule.scala. Using presentation compiler with project's scala-library version: 3.3.6
2025.10.11 03:05:33 INFO  no build target found for /Users/jonathangallus/WebApps/blackjack-wa/blackjack/src/main/scala/modules.BlackjackModule.scala. Using presentation compiler with project's scala-library version: 3.3.6
2025.10.11 03:05:37 INFO  no build target found for /Users/jonathangallus/WebApps/blackjack-wa/blackjack/src/main/scala/modules.BlackjackModule.scala. Using presentation compiler with project's scala-library version: 3.3.6
2025.10.11 03:05:37 INFO  no build target found for /Users/jonathangallus/WebApps/blackjack-wa/blackjack/src/main/scala/modules.BlackjackModule.scala. Using presentation compiler with project's scala-library version: 3.3.6
2025.10.11 03:05:39 INFO  no build target found for /Users/jonathangallus/WebApps/blackjack-wa/blackjack/src/main/scala/modules.BlackjackModule.scala. Using presentation compiler with project's scala-library version: 3.3.6
2025.10.11 03:05:39 INFO  no build target found for /Users/jonathangallus/WebApps/blackjack-wa/blackjack/src/main/scala/modules.BlackjackModule.scala. Using presentation compiler with project's scala-library version: 3.3.6
2025.10.11 03:05:42 INFO  no build target found for /Users/jonathangallus/WebApps/blackjack-wa/blackjack/src/main/scala/modules.BlackjackModule.scala. Using presentation compiler with project's scala-library version: 3.3.6
2025.10.11 03:05:42 INFO  no build target found for /Users/jonathangallus/WebApps/blackjack-wa/blackjack/src/main/scala/modules.BlackjackModule.scala. Using presentation compiler with project's scala-library version: 3.3.6
2025.10.11 03:05:42 INFO  no build target found for /Users/jonathangallus/WebApps/blackjack-wa/blackjack/src/main/scala/modules.BlackjackModule.scala. Using presentation compiler with project's scala-library version: 3.3.6
2025.10.11 03:05:42 INFO  no build target found for /Users/jonathangallus/WebApps/blackjack-wa/blackjack/src/main/scala/modules.BlackjackModule.scala. Using presentation compiler with project's scala-library version: 3.3.6
2025.10.11 03:05:45 INFO  no build target found for /Users/jonathangallus/WebApps/blackjack-wa/blackjack/src/main/scala/modules.BlackjackModule.scala. Using presentation compiler with project's scala-library version: 3.3.6
2025.10.11 03:05:45 INFO  no build target found for /Users/jonathangallus/WebApps/blackjack-wa/blackjack/src/main/scala/modules.BlackjackModule.scala. Using presentation compiler with project's scala-library version: 3.3.6
2025.10.11 03:05:46 INFO  no build target found for /Users/jonathangallus/WebApps/blackjack-wa/blackjack/src/main/scala/modules.BlackjackModule.scala. Using presentation compiler with project's scala-library version: 3.3.6
2025.10.11 03:05:46 INFO  no build target found for /Users/jonathangallus/WebApps/blackjack-wa/blackjack/src/main/scala/modules.BlackjackModule.scala. Using presentation compiler with project's scala-library version: 3.3.6
2025.10.11 03:05:48 INFO  no build target found for /Users/jonathangallus/WebApps/blackjack-wa/blackjack/src/main/scala/modules.BlackjackModule.scala. Using presentation compiler with project's scala-library version: 3.3.6
2025.10.11 03:05:48 INFO  no build target found for /Users/jonathangallus/WebApps/blackjack-wa/blackjack/src/main/scala/modules.BlackjackModule.scala. Using presentation compiler with project's scala-library version: 3.3.6
2025.10.11 03:05:49 INFO  no build target found for /Users/jonathangallus/WebApps/blackjack-wa/blackjack/src/main/scala/modules.BlackjackModule.scala. Using presentation compiler with project's scala-library version: 3.3.6
2025.10.11 03:05:50 INFO  no build target found for /Users/jonathangallus/WebApps/blackjack-wa/blackjack/src/main/scala/modules.BlackjackModule.scala. Using presentation compiler with project's scala-library version: 3.3.6
2025.10.11 03:05:53 INFO  no build target found for /Users/jonathangallus/WebApps/blackjack-wa/blackjack/src/main/scala/modules.BlackjackModule.scala. Using presentation compiler with project's scala-library version: 3.3.6
2025.10.11 03:05:53 INFO  no build target found for /Users/jonathangallus/WebApps/blackjack-wa/blackjack/src/main/scala/modules.BlackjackModule.scala. Using presentation compiler with project's scala-library version: 3.3.6
2025.10.11 03:05:54 INFO  no build target found for /Users/jonathangallus/WebApps/blackjack-wa/blackjack/src/main/scala/modules.BlackjackModule.scala. Using presentation compiler with project's scala-library version: 3.3.6
2025.10.11 03:05:54 INFO  no build target found for /Users/jonathangallus/WebApps/blackjack-wa/blackjack/src/main/scala/modules.BlackjackModule.scala. Using presentation compiler with project's scala-library version: 3.3.6
2025.10.11 03:05:56 INFO  no build target found for /Users/jonathangallus/WebApps/blackjack-wa/blackjack/src/main/scala/modules.BlackjackModule.scala. Using presentation compiler with project's scala-library version: 3.3.6
2025.10.11 03:05:58 INFO  no build target found for /Users/jonathangallus/WebApps/blackjack-wa/blackjack/src/main/scala/modules.BlackjackModule.scala. Using presentation compiler with project's scala-library version: 3.3.6
2025.10.11 03:05:58 WARN  no build target for: /Users/jonathangallus/WebApps/blackjack-wa/blackjack/src/main/scala/modules.BlackjackModule.scala
2025.10.11 03:05:58 INFO  no build target found for /Users/jonathangallus/WebApps/blackjack-wa/blackjack/src/main/scala/modules.BlackjackModule.scala. Using presentation compiler with project's scala-library version: 3.3.6
2025.10.11 03:06:11 INFO  no build target found for /Users/jonathangallus/WebApps/blackjack-wa/blackjack/src/main/scala/modules.BlackjackModule.scala. Using presentation compiler with project's scala-library version: 3.3.6
2025.10.11 03:06:20 INFO  no build target found for /Users/jonathangallus/WebApps/blackjack-wa/blackjack/src/main/scala/modules.BlackjackModule.scala. Using presentation compiler with project's scala-library version: 3.3.6
2025.10.11 03:06:20 WARN  no build target for: /Users/jonathangallus/WebApps/blackjack-wa/blackjack/src/main/scala/modules.BlackjackModule.scala
2025.10.11 03:06:20 INFO  no build target found for /Users/jonathangallus/WebApps/blackjack-wa/blackjack/src/main/scala/modules.BlackjackModule.scala. Using presentation compiler with project's scala-library version: 3.3.6
2025.10.11 03:06:23 WARN  no build target for: /Users/jonathangallus/WebApps/blackjack-wa/blackjack/build.sbt
2025.10.11 03:06:23 INFO  no build target found for /Users/jonathangallus/WebApps/blackjack-wa/blackjack/build.sbt. Using presentation compiler with project's scala-library version: 3.3.6
2025.10.11 03:07:41 INFO  no build target found for /Users/jonathangallus/WebApps/blackjack-wa/blackjack/build.sbt. Using presentation compiler with project's scala-library version: 3.3.6
2025.10.11 03:07:43 INFO  no build target found for /Users/jonathangallus/WebApps/blackjack-wa/blackjack/src/main/scala/Main.scala. Using presentation compiler with project's scala-library version: 3.3.6
2025.10.11 03:07:43 WARN  no build target for: /Users/jonathangallus/WebApps/blackjack-wa/blackjack/src/main/scala/Main.scala
2025.10.11 03:07:43 INFO  no build target found for /Users/jonathangallus/WebApps/blackjack-wa/blackjack/src/main/scala/Main.scala. Using presentation compiler with project's scala-library version: 3.3.6
2025.10.11 03:07:43 INFO  no build target found for /Users/jonathangallus/WebApps/blackjack-wa/blackjack/src/main/scala/Main.scala. Using presentation compiler with project's scala-library version: 3.3.6
2025.10.11 03:07:43 INFO  no build target found for /Users/jonathangallus/WebApps/blackjack-wa/blackjack/src/main/scala/Main.scala. Using presentation compiler with project's scala-library version: 3.3.6
2025.10.11 03:07:47 INFO  no build target found for /Users/jonathangallus/WebApps/blackjack-wa/blackjack/src/main/scala/Main.scala. Using presentation compiler with project's scala-library version: 3.3.6
2025.10.11 03:10:45 INFO  no build target found for /Users/jonathangallus/WebApps/blackjack-wa/blackjack/src/main/scala/Main.scala. Using presentation compiler with project's scala-library version: 3.3.6
2025.10.11 03:10:57 INFO  no build target found for /Users/jonathangallus/WebApps/blackjack-wa/blackjack/src/main/scala/Main.scala. Using presentation compiler with project's scala-library version: 3.3.6
2025.10.11 03:11:51 INFO  no build target found for /Users/jonathangallus/WebApps/blackjack-wa/blackjack/src/main/scala/Main.scala. Using presentation compiler with project's scala-library version: 3.3.6
2025.10.11 03:12:05 INFO  no build target found for /Users/jonathangallus/WebApps/blackjack-wa/blackjack/src/main/scala/Main.scala. Using presentation compiler with project's scala-library version: 3.3.6
2025.10.11 03:12:29 INFO  no build target found for /Users/jonathangallus/WebApps/blackjack-wa/app/modules/modules.BlackjackModule.scala. Using presentation compiler with project's scala-library version: 3.3.6
2025.10.11 03:12:29 WARN  no build target for: /Users/jonathangallus/WebApps/blackjack-wa/app/modules/modules.BlackjackModule.scala
2025.10.11 03:12:29 INFO  no build target found for /Users/jonathangallus/WebApps/blackjack-wa/app/modules/modules.BlackjackModule.scala. Using presentation compiler with project's scala-library version: 3.3.6
2025.10.11 03:12:29 WARN  Could not find semantic tokens for: file:///Users/jonathangallus/WebApps/blackjack-wa/app/modules/modules.BlackjackModule.scala
2025.10.11 03:12:29 INFO  no build target found for /Users/jonathangallus/WebApps/blackjack-wa/app/modules/modules.BlackjackModule.scala. Using presentation compiler with project's scala-library version: 3.3.6
2025.10.11 03:12:29 WARN  Could not find semantic tokens for: file:///Users/jonathangallus/WebApps/blackjack-wa/app/modules/modules.BlackjackModule.scala
2025.10.11 03:12:34 INFO  no build target found for /Users/jonathangallus/WebApps/blackjack-wa/app/modules/modules.BlackjackModule.scala. Using presentation compiler with project's scala-library version: 3.3.6
2025.10.11 03:12:35 INFO  no build target found for /Users/jonathangallus/WebApps/blackjack-wa/app/modules/modules.BlackjackModule.scala. Using presentation compiler with project's scala-library version: 3.3.6
2025.10.11 03:12:34 INFO  no build target found for /Users/jonathangallus/WebApps/blackjack-wa/app/modules/modules.BlackjackModule.scala. Using presentation compiler with project's scala-library version: 3.3.6
2025.10.11 03:12:38 INFO  no build target found for /Users/jonathangallus/WebApps/blackjack-wa/app/modules/modules.BlackjackModule.scala. Using presentation compiler with project's scala-library version: 3.3.6
2025.10.11 03:12:38 WARN  no build target for: /Users/jonathangallus/WebApps/blackjack-wa/app/modules/modules.BlackjackModule.scala
2025.10.11 03:12:38 INFO  no build target found for /Users/jonathangallus/WebApps/blackjack-wa/app/modules/modules.BlackjackModule.scala. Using presentation compiler with project's scala-library version: 3.3.6
2025.10.11 03:12:39 INFO  no build target found for /Users/jonathangallus/WebApps/blackjack-wa/app/modules/modules.BlackjackModule.scala. Using presentation compiler with project's scala-library version: 3.3.6
2025.10.11 03:12:51 INFO  no build target found for /Users/jonathangallus/WebApps/blackjack-wa/blackjack/src/main/scala/Main.scala. Using presentation compiler with project's scala-library version: 3.3.6
2025.10.11 03:13:10 INFO  no build target found for /Users/jonathangallus/WebApps/blackjack-wa/app/controllers/HomeController.scala. Using presentation compiler with project's scala-library version: 3.3.6
2025.10.11 03:13:10 WARN  no build target for: /Users/jonathangallus/WebApps/blackjack-wa/app/controllers/HomeController.scala
2025.10.11 03:13:10 INFO  no build target found for /Users/jonathangallus/WebApps/blackjack-wa/app/controllers/HomeController.scala. Using presentation compiler with project's scala-library version: 3.3.6
2025.10.11 03:13:11 INFO  no build target found for /Users/jonathangallus/WebApps/blackjack-wa/app/controllers/HomeController.scala. Using presentation compiler with project's scala-library version: 3.3.6
2025.10.11 03:13:11 INFO  no build target found for /Users/jonathangallus/WebApps/blackjack-wa/app/controllers/HomeController.scala. Using presentation compiler with project's scala-library version: 3.3.6
2025.10.11 03:13:14 INFO  no build target found for /Users/jonathangallus/WebApps/blackjack-wa/app/controllers/HomeController.scala. Using presentation compiler with project's scala-library version: 3.3.6
2025.10.11 03:13:14 INFO  no build target found for /Users/jonathangallus/WebApps/blackjack-wa/app/controllers/HomeController.scala. Using presentation compiler with project's scala-library version: 3.3.6
2025.10.11 03:13:14 INFO  no build target found for /Users/jonathangallus/WebApps/blackjack-wa/app/controllers/HomeController.scala. Using presentation compiler with project's scala-library version: 3.3.6
2025.10.11 03:13:16 INFO  no build target found for /Users/jonathangallus/WebApps/blackjack-wa/app/controllers/HomeController.scala. Using presentation compiler with project's scala-library version: 3.3.6
2025.10.11 03:13:16 INFO  no build target found for /Users/jonathangallus/WebApps/blackjack-wa/app/controllers/HomeController.scala. Using presentation compiler with project's scala-library version: 3.3.6
2025.10.11 03:13:24 INFO  no build target found for /Users/jonathangallus/WebApps/blackjack-wa/app/controllers/HomeController.scala. Using presentation compiler with project's scala-library version: 3.3.6
2025.10.11 03:13:24 INFO  no build target found for /Users/jonathangallus/WebApps/blackjack-wa/app/controllers/HomeController.scala. Using presentation compiler with project's scala-library version: 3.3.6
2025.10.11 03:13:27 INFO  no build target found for /Users/jonathangallus/WebApps/blackjack-wa/app/controllers/HomeController.scala. Using presentation compiler with project's scala-library version: 3.3.6
2025.10.11 03:13:28 INFO  no build target found for /Users/jonathangallus/WebApps/blackjack-wa/app/controllers/HomeController.scala. Using presentation compiler with project's scala-library version: 3.3.6
2025.10.11 03:13:28 INFO  no build target found for /Users/jonathangallus/WebApps/blackjack-wa/app/controllers/HomeController.scala. Using presentation compiler with project's scala-library version: 3.3.6
2025.10.11 03:13:29 INFO  no build target found for /Users/jonathangallus/WebApps/blackjack-wa/app/controllers/HomeController.scala. Using presentation compiler with project's scala-library version: 3.3.6
2025.10.11 03:13:32 INFO  no build target found for /Users/jonathangallus/WebApps/blackjack-wa/app/controllers/HomeController.scala. Using presentation compiler with project's scala-library version: 3.3.6
2025.10.11 03:13:37 INFO  no build target found for /Users/jonathangallus/WebApps/blackjack-wa/app/controllers/HomeController.scala. Using presentation compiler with project's scala-library version: 3.3.6
2025.10.11 03:13:42 INFO  no build target found for /Users/jonathangallus/WebApps/blackjack-wa/app/controllers/HomeController.scala. Using presentation compiler with project's scala-library version: 3.3.6
2025.10.11 03:13:42 INFO  no build target found for /Users/jonathangallus/WebApps/blackjack-wa/app/controllers/HomeController.scala. Using presentation compiler with project's scala-library version: 3.3.6
2025.10.11 03:13:44 INFO  no build target found for /Users/jonathangallus/WebApps/blackjack-wa/app/controllers/HomeController.scala. Using presentation compiler with project's scala-library version: 3.3.6
2025.10.11 03:13:44 INFO  no build target found for /Users/jonathangallus/WebApps/blackjack-wa/app/controllers/HomeController.scala. Using presentation compiler with project's scala-library version: 3.3.6
2025.10.11 03:13:44 INFO  no build target found for /Users/jonathangallus/WebApps/blackjack-wa/app/controllers/HomeController.scala. Using presentation compiler with project's scala-library version: 3.3.6
2025.10.11 03:13:44 INFO  no build target found for /Users/jonathangallus/WebApps/blackjack-wa/app/controllers/HomeController.scala. Using presentation compiler with project's scala-library version: 3.3.6
2025.10.11 03:13:45 INFO  no build target found for /Users/jonathangallus/WebApps/blackjack-wa/app/controllers/HomeController.scala. Using presentation compiler with project's scala-library version: 3.3.6
2025.10.11 03:13:44 INFO  no build target found for /Users/jonathangallus/WebApps/blackjack-wa/app/controllers/HomeController.scala. Using presentation compiler with project's scala-library version: 3.3.6
2025.10.11 03:13:45 INFO  no build target found for /Users/jonathangallus/WebApps/blackjack-wa/app/controllers/HomeController.scala. Using presentation compiler with project's scala-library version: 3.3.6
2025.10.11 03:13:44 INFO  no build target found for /Users/jonathangallus/WebApps/blackjack-wa/app/controllers/HomeController.scala. Using presentation compiler with project's scala-library version: 3.3.6
2025.10.11 03:13:45 INFO  no build target found for /Users/jonathangallus/WebApps/blackjack-wa/app/controllers/HomeController.scala. Using presentation compiler with project's scala-library version: 3.3.6
2025.10.11 03:13:49 INFO  no build target found for /Users/jonathangallus/WebApps/blackjack-wa/app/controllers/HomeController.scala. Using presentation compiler with project's scala-library version: 3.3.6
2025.10.11 03:13:49 INFO  no build target found for /Users/jonathangallus/WebApps/blackjack-wa/app/controllers/HomeController.scala. Using presentation compiler with project's scala-library version: 3.3.6
2025.10.11 03:13:52 INFO  no build target found for /Users/jonathangallus/WebApps/blackjack-wa/app/controllers/HomeController.scala. Using presentation compiler with project's scala-library version: 3.3.6
2025.10.11 03:13:52 INFO  no build target found for /Users/jonathangallus/WebApps/blackjack-wa/app/controllers/HomeController.scala. Using presentation compiler with project's scala-library version: 3.3.6
2025.10.11 03:13:52 INFO  no build target found for /Users/jonathangallus/WebApps/blackjack-wa/app/controllers/HomeController.scala. Using presentation compiler with project's scala-library version: 3.3.6
2025.10.11 03:13:55 INFO  no build target found for /Users/jonathangallus/WebApps/blackjack-wa/app/controllers/HomeController.scala. Using presentation compiler with project's scala-library version: 3.3.6
2025.10.11 03:13:55 INFO  no build target found for /Users/jonathangallus/WebApps/blackjack-wa/app/controllers/HomeController.scala. Using presentation compiler with project's scala-library version: 3.3.6
2025.10.11 03:13:55 INFO  no build target found for /Users/jonathangallus/WebApps/blackjack-wa/app/controllers/HomeController.scala. Using presentation compiler with project's scala-library version: 3.3.6
2025.10.11 03:13:55 INFO  no build target found for /Users/jonathangallus/WebApps/blackjack-wa/app/controllers/HomeController.scala. Using presentation compiler with project's scala-library version: 3.3.6
2025.10.11 03:13:55 INFO  no build target found for /Users/jonathangallus/WebApps/blackjack-wa/app/controllers/HomeController.scala. Using presentation compiler with project's scala-library version: 3.3.6
2025.10.11 03:13:55 INFO  no build target found for /Users/jonathangallus/WebApps/blackjack-wa/app/controllers/HomeController.scala. Using presentation compiler with project's scala-library version: 3.3.6
2025.10.11 03:13:55 INFO  no build target found for /Users/jonathangallus/WebApps/blackjack-wa/app/controllers/HomeController.scala. Using presentation compiler with project's scala-library version: 3.3.6
2025.10.11 03:13:55 INFO  no build target found for /Users/jonathangallus/WebApps/blackjack-wa/app/controllers/HomeController.scala. Using presentation compiler with project's scala-library version: 3.3.6
2025.10.11 03:13:57 INFO  no build target found for /Users/jonathangallus/WebApps/blackjack-wa/app/controllers/HomeController.scala. Using presentation compiler with project's scala-library version: 3.3.6
2025.10.11 03:13:57 INFO  no build target found for /Users/jonathangallus/WebApps/blackjack-wa/app/controllers/HomeController.scala. Using presentation compiler with project's scala-library version: 3.3.6
2025.10.11 03:13:58 INFO  no build target found for /Users/jonathangallus/WebApps/blackjack-wa/app/controllers/HomeController.scala. Using presentation compiler with project's scala-library version: 3.3.6
2025.10.11 03:13:58 INFO  no build target found for /Users/jonathangallus/WebApps/blackjack-wa/app/controllers/HomeController.scala. Using presentation compiler with project's scala-library version: 3.3.6
2025.10.11 03:13:58 INFO  no build target found for /Users/jonathangallus/WebApps/blackjack-wa/app/controllers/HomeController.scala. Using presentation compiler with project's scala-library version: 3.3.6
2025.10.11 03:13:58 INFO  no build target found for /Users/jonathangallus/WebApps/blackjack-wa/app/controllers/HomeController.scala. Using presentation compiler with project's scala-library version: 3.3.6
2025.10.11 03:13:59 INFO  no build target found for /Users/jonathangallus/WebApps/blackjack-wa/app/controllers/HomeController.scala. Using presentation compiler with project's scala-library version: 3.3.6
2025.10.11 03:13:59 INFO  no build target found for /Users/jonathangallus/WebApps/blackjack-wa/app/controllers/HomeController.scala. Using presentation compiler with project's scala-library version: 3.3.6
2025.10.11 03:14:00 INFO  no build target found for /Users/jonathangallus/WebApps/blackjack-wa/app/controllers/HomeController.scala. Using presentation compiler with project's scala-library version: 3.3.6
2025.10.11 03:13:59 INFO  no build target found for /Users/jonathangallus/WebApps/blackjack-wa/app/controllers/HomeController.scala. Using presentation compiler with project's scala-library version: 3.3.6
2025.10.11 03:13:59 INFO  no build target found for /Users/jonathangallus/WebApps/blackjack-wa/app/controllers/HomeController.scala. Using presentation compiler with project's scala-library version: 3.3.6
2025.10.11 03:13:59 INFO  no build target found for /Users/jonathangallus/WebApps/blackjack-wa/app/controllers/HomeController.scala. Using presentation compiler with project's scala-library version: 3.3.6
2025.10.11 03:14:00 INFO  no build target found for /Users/jonathangallus/WebApps/blackjack-wa/app/controllers/HomeController.scala. Using presentation compiler with project's scala-library version: 3.3.6
2025.10.11 03:13:59 INFO  no build target found for /Users/jonathangallus/WebApps/blackjack-wa/app/controllers/HomeController.scala. Using presentation compiler with project's scala-library version: 3.3.6
2025.10.11 03:13:59 INFO  no build target found for /Users/jonathangallus/WebApps/blackjack-wa/app/controllers/HomeController.scala. Using presentation compiler with project's scala-library version: 3.3.6
2025.10.11 03:14:00 INFO  no build target found for /Users/jonathangallus/WebApps/blackjack-wa/app/controllers/HomeController.scala. Using presentation compiler with project's scala-library version: 3.3.6
2025.10.11 03:14:00 INFO  no build target found for /Users/jonathangallus/WebApps/blackjack-wa/app/controllers/HomeController.scala. Using presentation compiler with project's scala-library version: 3.3.6
2025.10.11 03:14:00 INFO  no build target found for /Users/jonathangallus/WebApps/blackjack-wa/app/controllers/HomeController.scala. Using presentation compiler with project's scala-library version: 3.3.6
2025.10.11 03:14:01 INFO  no build target found for /Users/jonathangallus/WebApps/blackjack-wa/app/controllers/HomeController.scala. Using presentation compiler with project's scala-library version: 3.3.6
2025.10.11 03:14:00 INFO  no build target found for /Users/jonathangallus/WebApps/blackjack-wa/app/controllers/HomeController.scala. Using presentation compiler with project's scala-library version: 3.3.6
2025.10.11 03:14:00 INFO  no build target found for /Users/jonathangallus/WebApps/blackjack-wa/app/controllers/HomeController.scala. Using presentation compiler with project's scala-library version: 3.3.6
2025.10.11 03:14:01 INFO  no build target found for /Users/jonathangallus/WebApps/blackjack-wa/app/controllers/HomeController.scala. Using presentation compiler with project's scala-library version: 3.3.6
2025.10.11 03:14:02 INFO  no build target found for /Users/jonathangallus/WebApps/blackjack-wa/app/controllers/HomeController.scala. Using presentation compiler with project's scala-library version: 3.3.6
2025.10.11 03:14:02 INFO  no build target found for /Users/jonathangallus/WebApps/blackjack-wa/app/controllers/HomeController.scala. Using presentation compiler with project's scala-library version: 3.3.6
2025.10.11 03:14:03 INFO  no build target found for /Users/jonathangallus/WebApps/blackjack-wa/app/controllers/HomeController.scala. Using presentation compiler with project's scala-library version: 3.3.6
2025.10.11 03:14:03 INFO  no build target found for /Users/jonathangallus/WebApps/blackjack-wa/app/controllers/HomeController.scala. Using presentation compiler with project's scala-library version: 3.3.6
2025.10.11 03:14:03 INFO  no build target found for /Users/jonathangallus/WebApps/blackjack-wa/app/controllers/HomeController.scala. Using presentation compiler with project's scala-library version: 3.3.6
2025.10.11 03:14:03 INFO  no build target found for /Users/jonathangallus/WebApps/blackjack-wa/app/controllers/HomeController.scala. Using presentation compiler with project's scala-library version: 3.3.6
2025.10.11 03:14:05 INFO  no build target found for /Users/jonathangallus/WebApps/blackjack-wa/app/controllers/HomeController.scala. Using presentation compiler with project's scala-library version: 3.3.6
2025.10.11 03:14:05 INFO  no build target found for /Users/jonathangallus/WebApps/blackjack-wa/app/controllers/HomeController.scala. Using presentation compiler with project's scala-library version: 3.3.6
2025.10.11 03:14:05 INFO  no build target found for /Users/jonathangallus/WebApps/blackjack-wa/app/controllers/HomeController.scala. Using presentation compiler with project's scala-library version: 3.3.6
2025.10.11 03:14:05 INFO  no build target found for /Users/jonathangallus/WebApps/blackjack-wa/app/controllers/HomeController.scala. Using presentation compiler with project's scala-library version: 3.3.6
2025.10.11 03:14:06 INFO  no build target found for /Users/jonathangallus/WebApps/blackjack-wa/app/controllers/HomeController.scala. Using presentation compiler with project's scala-library version: 3.3.6
2025.10.11 03:14:06 INFO  no build target found for /Users/jonathangallus/WebApps/blackjack-wa/app/controllers/HomeController.scala. Using presentation compiler with project's scala-library version: 3.3.6
2025.10.11 03:14:06 INFO  no build target found for /Users/jonathangallus/WebApps/blackjack-wa/app/controllers/HomeController.scala. Using presentation compiler with project's scala-library version: 3.3.6
2025.10.11 03:14:06 INFO  no build target found for /Users/jonathangallus/WebApps/blackjack-wa/app/controllers/HomeController.scala. Using presentation compiler with project's scala-library version: 3.3.6
2025.10.11 03:14:07 INFO  no build target found for /Users/jonathangallus/WebApps/blackjack-wa/app/controllers/HomeController.scala. Using presentation compiler with project's scala-library version: 3.3.6
2025.10.11 03:14:06 INFO  no build target found for /Users/jonathangallus/WebApps/blackjack-wa/app/controllers/HomeController.scala. Using presentation compiler with project's scala-library version: 3.3.6
2025.10.11 03:14:06 INFO  no build target found for /Users/jonathangallus/WebApps/blackjack-wa/app/controllers/HomeController.scala. Using presentation compiler with project's scala-library version: 3.3.6
2025.10.11 03:14:06 INFO  no build target found for /Users/jonathangallus/WebApps/blackjack-wa/app/controllers/HomeController.scala. Using presentation compiler with project's scala-library version: 3.3.6
2025.10.11 03:14:07 INFO  no build target found for /Users/jonathangallus/WebApps/blackjack-wa/app/controllers/HomeController.scala. Using presentation compiler with project's scala-library version: 3.3.6
2025.10.11 03:14:06 INFO  no build target found for /Users/jonathangallus/WebApps/blackjack-wa/app/controllers/HomeController.scala. Using presentation compiler with project's scala-library version: 3.3.6
2025.10.11 03:14:07 INFO  no build target found for /Users/jonathangallus/WebApps/blackjack-wa/app/controllers/HomeController.scala. Using presentation compiler with project's scala-library version: 3.3.6
2025.10.11 03:14:07 INFO  no build target found for /Users/jonathangallus/WebApps/blackjack-wa/app/controllers/HomeController.scala. Using presentation compiler with project's scala-library version: 3.3.6
2025.10.11 03:14:07 INFO  no build target found for /Users/jonathangallus/WebApps/blackjack-wa/app/controllers/HomeController.scala. Using presentation compiler with project's scala-library version: 3.3.6
2025.10.11 03:14:07 INFO  no build target found for /Users/jonathangallus/WebApps/blackjack-wa/app/controllers/HomeController.scala. Using presentation compiler with project's scala-library version: 3.3.6
2025.10.11 03:14:08 INFO  no build target found for /Users/jonathangallus/WebApps/blackjack-wa/app/controllers/HomeController.scala. Using presentation compiler with project's scala-library version: 3.3.6
2025.10.11 03:14:09 INFO  no build target found for /Users/jonathangallus/WebApps/blackjack-wa/app/controllers/HomeController.scala. Using presentation compiler with project's scala-library version: 3.3.6
2025.10.11 03:14:09 INFO  no build target found for /Users/jonathangallus/WebApps/blackjack-wa/app/controllers/HomeController.scala. Using presentation compiler with project's scala-library version: 3.3.6
2025.10.11 03:14:12 INFO  no build target found for /Users/jonathangallus/WebApps/blackjack-wa/app/controllers/HomeController.scala. Using presentation compiler with project's scala-library version: 3.3.6
2025.10.11 03:14:12 INFO  no build target found for /Users/jonathangallus/WebApps/blackjack-wa/app/controllers/HomeController.scala. Using presentation compiler with project's scala-library version: 3.3.6
2025.10.11 03:14:32 INFO  no build target found for /Users/jonathangallus/WebApps/blackjack-wa/app/controllers/HomeController.scala. Using presentation compiler with project's scala-library version: 3.3.6
2025.10.11 03:16:15 INFO  no build target found for /Users/jonathangallus/WebApps/blackjack-wa/app/controllers/HomeController.scala. Using presentation compiler with project's scala-library version: 3.3.6
2025.10.11 03:16:30 INFO  no build target found for /Users/jonathangallus/WebApps/blackjack-wa/app/controllers/HomeController.scala. Using presentation compiler with project's scala-library version: 3.3.6
2025.10.11 03:16:31 INFO  no build target found for /Users/jonathangallus/WebApps/blackjack-wa/app/controllers/HomeController.scala. Using presentation compiler with project's scala-library version: 3.3.6
2025.10.11 03:16:30 INFO  no build target found for /Users/jonathangallus/WebApps/blackjack-wa/app/controllers/HomeController.scala. Using presentation compiler with project's scala-library version: 3.3.6
2025.10.11 03:16:30 INFO  no build target found for /Users/jonathangallus/WebApps/blackjack-wa/app/controllers/HomeController.scala. Using presentation compiler with project's scala-library version: 3.3.6
2025.10.11 03:16:31 INFO  no build target found for /Users/jonathangallus/WebApps/blackjack-wa/app/controllers/HomeController.scala. Using presentation compiler with project's scala-library version: 3.3.6
2025.10.11 03:16:33 INFO  no build target found for /Users/jonathangallus/WebApps/blackjack-wa/app/controllers/HomeController.scala. Using presentation compiler with project's scala-library version: 3.3.6
2025.10.11 03:16:35 INFO  no build target found for /Users/jonathangallus/WebApps/blackjack-wa/app/controllers/HomeController.scala. Using presentation compiler with project's scala-library version: 3.3.6
2025.10.11 03:18:18 INFO  no build target found for /Users/jonathangallus/WebApps/blackjack-wa/app/controllers/HomeController.scala. Using presentation compiler with project's scala-library version: 3.3.6
2025.10.11 03:19:40 INFO  no build target found for /Users/jonathangallus/WebApps/blackjack-wa/app/controllers/HomeController.scala. Using presentation compiler with project's scala-library version: 3.3.6
2025.10.11 03:19:42 INFO  no build target found for /Users/jonathangallus/WebApps/blackjack-wa/app/controllers/HomeController.scala. Using presentation compiler with project's scala-library version: 3.3.6
2025.10.11 03:19:42 INFO  no build target found for /Users/jonathangallus/WebApps/blackjack-wa/app/controllers/HomeController.scala. Using presentation compiler with project's scala-library version: 3.3.6
2025.10.11 03:19:42 INFO  no build target found for /Users/jonathangallus/WebApps/blackjack-wa/app/controllers/HomeController.scala. Using presentation compiler with project's scala-library version: 3.3.6
2025.10.11 03:19:42 INFO  no build target found for /Users/jonathangallus/WebApps/blackjack-wa/app/controllers/HomeController.scala. Using presentation compiler with project's scala-library version: 3.3.6
2025.10.11 03:19:43 INFO  no build target found for /Users/jonathangallus/WebApps/blackjack-wa/app/controllers/HomeController.scala. Using presentation compiler with project's scala-library version: 3.3.6
2025.10.11 03:19:42 INFO  no build target found for /Users/jonathangallus/WebApps/blackjack-wa/app/controllers/HomeController.scala. Using presentation compiler with project's scala-library version: 3.3.6
2025.10.11 03:19:42 INFO  no build target found for /Users/jonathangallus/WebApps/blackjack-wa/app/controllers/HomeController.scala. Using presentation compiler with project's scala-library version: 3.3.6
2025.10.11 03:19:43 INFO  no build target found for /Users/jonathangallus/WebApps/blackjack-wa/app/controllers/HomeController.scala. Using presentation compiler with project's scala-library version: 3.3.6
2025.10.11 03:19:43 INFO  no build target found for /Users/jonathangallus/WebApps/blackjack-wa/app/controllers/HomeController.scala. Using presentation compiler with project's scala-library version: 3.3.6
2025.10.11 03:19:43 INFO  no build target found for /Users/jonathangallus/WebApps/blackjack-wa/app/controllers/HomeController.scala. Using presentation compiler with project's scala-library version: 3.3.6
2025.10.11 03:19:43 INFO  no build target found for /Users/jonathangallus/WebApps/blackjack-wa/app/controllers/HomeController.scala. Using presentation compiler with project's scala-library version: 3.3.6
2025.10.11 03:19:44 INFO  no build target found for /Users/jonathangallus/WebApps/blackjack-wa/app/controllers/HomeController.scala. Using presentation compiler with project's scala-library version: 3.3.6
2025.10.11 03:19:44 INFO  no build target found for /Users/jonathangallus/WebApps/blackjack-wa/app/controllers/HomeController.scala. Using presentation compiler with project's scala-library version: 3.3.6
2025.10.11 03:19:44 INFO  no build target found for /Users/jonathangallus/WebApps/blackjack-wa/app/controllers/HomeController.scala. Using presentation compiler with project's scala-library version: 3.3.6
2025.10.11 03:19:44 INFO  no build target found for /Users/jonathangallus/WebApps/blackjack-wa/app/controllers/HomeController.scala. Using presentation compiler with project's scala-library version: 3.3.6
2025.10.11 03:19:44 INFO  no build target found for /Users/jonathangallus/WebApps/blackjack-wa/app/controllers/HomeController.scala. Using presentation compiler with project's scala-library version: 3.3.6
2025.10.11 03:19:45 INFO  no build target found for /Users/jonathangallus/WebApps/blackjack-wa/app/controllers/HomeController.scala. Using presentation compiler with project's scala-library version: 3.3.6
2025.10.11 03:19:44 INFO  no build target found for /Users/jonathangallus/WebApps/blackjack-wa/app/controllers/HomeController.scala. Using presentation compiler with project's scala-library version: 3.3.6
2025.10.11 03:19:44 INFO  no build target found for /Users/jonathangallus/WebApps/blackjack-wa/app/controllers/HomeController.scala. Using presentation compiler with project's scala-library version: 3.3.6
2025.10.11 03:19:45 INFO  no build target found for /Users/jonathangallus/WebApps/blackjack-wa/app/controllers/HomeController.scala. Using presentation compiler with project's scala-library version: 3.3.6
2025.10.11 03:19:46 INFO  no build target found for /Users/jonathangallus/WebApps/blackjack-wa/app/controllers/HomeController.scala. Using presentation compiler with project's scala-library version: 3.3.6
2025.10.11 03:19:46 INFO  no build target found for /Users/jonathangallus/WebApps/blackjack-wa/app/controllers/HomeController.scala. Using presentation compiler with project's scala-library version: 3.3.6
2025.10.11 03:19:46 INFO  no build target found for /Users/jonathangallus/WebApps/blackjack-wa/app/controllers/HomeController.scala. Using presentation compiler with project's scala-library version: 3.3.6
2025.10.11 03:19:46 INFO  no build target found for /Users/jonathangallus/WebApps/blackjack-wa/app/controllers/HomeController.scala. Using presentation compiler with project's scala-library version: 3.3.6
2025.10.11 03:19:50 INFO  no build target found for /Users/jonathangallus/WebApps/blackjack-wa/app/controllers/HomeController.scala. Using presentation compiler with project's scala-library version: 3.3.6
2025.10.11 03:19:50 INFO  no build target found for /Users/jonathangallus/WebApps/blackjack-wa/app/controllers/HomeController.scala. Using presentation compiler with project's scala-library version: 3.3.6
2025.10.11 03:19:51 INFO  no build target found for /Users/jonathangallus/WebApps/blackjack-wa/app/controllers/HomeController.scala. Using presentation compiler with project's scala-library version: 3.3.6
2025.10.11 03:19:52 INFO  no build target found for /Users/jonathangallus/WebApps/blackjack-wa/app/controllers/HomeController.scala. Using presentation compiler with project's scala-library version: 3.3.6
2025.10.11 03:19:52 INFO  no build target found for /Users/jonathangallus/WebApps/blackjack-wa/app/controllers/HomeController.scala. Using presentation compiler with project's scala-library version: 3.3.6
2025.10.11 03:19:52 INFO  no build target found for /Users/jonathangallus/WebApps/blackjack-wa/app/controllers/HomeController.scala. Using presentation compiler with project's scala-library version: 3.3.6
2025.10.11 03:19:52 INFO  no build target found for /Users/jonathangallus/WebApps/blackjack-wa/app/controllers/HomeController.scala. Using presentation compiler with project's scala-library version: 3.3.6
2025.10.11 03:19:51 INFO  no build target found for /Users/jonathangallus/WebApps/blackjack-wa/app/controllers/HomeController.scala. Using presentation compiler with project's scala-library version: 3.3.6
2025.10.11 03:19:52 INFO  no build target found for /Users/jonathangallus/WebApps/blackjack-wa/app/controllers/HomeController.scala. Using presentation compiler with project's scala-library version: 3.3.6
2025.10.11 03:19:53 INFO  no build target found for /Users/jonathangallus/WebApps/blackjack-wa/app/controllers/HomeController.scala. Using presentation compiler with project's scala-library version: 3.3.6
2025.10.11 03:19:54 INFO  no build target found for /Users/jonathangallus/WebApps/blackjack-wa/app/controllers/HomeController.scala. Using presentation compiler with project's scala-library version: 3.3.6
2025.10.11 03:19:55 INFO  no build target found for /Users/jonathangallus/WebApps/blackjack-wa/app/controllers/HomeController.scala. Using presentation compiler with project's scala-library version: 3.3.6
2025.10.11 03:20:19 INFO  no build target found for /Users/jonathangallus/WebApps/blackjack-wa/blackjack/src/main/scala/Main.scala. Using presentation compiler with project's scala-library version: 3.3.6
2025.10.11 03:20:19 WARN  no build target for: /Users/jonathangallus/WebApps/blackjack-wa/blackjack/src/main/scala/Main.scala
2025.10.11 03:20:19 INFO  no build target found for /Users/jonathangallus/WebApps/blackjack-wa/blackjack/src/main/scala/Main.scala. Using presentation compiler with project's scala-library version: 3.3.6
2025.10.11 03:20:19 INFO  no build target found for /Users/jonathangallus/WebApps/blackjack-wa/blackjack/src/main/scala/Main.scala. Using presentation compiler with project's scala-library version: 3.3.6
2025.10.11 03:20:20 INFO  no build target found for /Users/jonathangallus/WebApps/blackjack-wa/blackjack/src/main/scala/Main.scala. Using presentation compiler with project's scala-library version: 3.3.6
2025.10.11 03:20:35 INFO  no build target found for /Users/jonathangallus/WebApps/blackjack-wa/blackjack/src/main/scala/Main.scala. Using presentation compiler with project's scala-library version: 3.3.6
2025.10.11 03:20:35 INFO  no build target found for /Users/jonathangallus/WebApps/blackjack-wa/blackjack/src/main/scala/Main.scala. Using presentation compiler with project's scala-library version: 3.3.6
2025.10.11 03:20:39 INFO  no build target found for /Users/jonathangallus/WebApps/blackjack-wa/blackjack/src/main/scala/Main.scala. Using presentation compiler with project's scala-library version: 3.3.6
2025.10.11 03:20:39 INFO  Created report: Optional[file:///Users/jonathangallus/WebApps/blackjack-wa/blackjack/src/main/scala/Main.scala]
2025.10.11 03:20:39 INFO  empty definition using pc, found symbol in pc: `<none>`. (full report at: "/Users/jonathangallus/WebApps/blackjack-wa/.metals/.reports/metals-full/2025-10-11/r_empty-definition_03-20-39-625.md")
2025.10.11 03:20:45 INFO  no build target found for /Users/jonathangallus/WebApps/blackjack-wa/blackjack/src/main/scala/Main.scala. Using presentation compiler with project's scala-library version: 3.3.6
2025.10.11 03:21:30 INFO  no build target found for /Users/jonathangallus/WebApps/blackjack-wa/blackjack/src/main/scala/Main.scala. Using presentation compiler with project's scala-library version: 3.3.6
2025.10.11 03:21:30 INFO  no build target found for /Users/jonathangallus/WebApps/blackjack-wa/blackjack/src/main/scala/view/TUI.scala. Using presentation compiler with project's scala-library version: 3.3.6
2025.10.11 03:21:30 WARN  no build target for: /Users/jonathangallus/WebApps/blackjack-wa/blackjack/src/main/scala/view/TUI.scala
2025.10.11 03:21:30 INFO  no build target found for /Users/jonathangallus/WebApps/blackjack-wa/blackjack/src/main/scala/view/TUI.scala. Using presentation compiler with project's scala-library version: 3.3.6
2025.10.11 03:21:31 INFO  no build target found for /Users/jonathangallus/WebApps/blackjack-wa/blackjack/src/main/scala/view/TUI.scala. Using presentation compiler with project's scala-library version: 3.3.6
2025.10.11 03:21:30 INFO  no build target found for /Users/jonathangallus/WebApps/blackjack-wa/blackjack/src/main/scala/view/TUI.scala. Using presentation compiler with project's scala-library version: 3.3.6
2025.10.11 03:21:43 INFO  no build target found for /Users/jonathangallus/WebApps/blackjack-wa/blackjack/src/main/scala/view/TUI.scala. Using presentation compiler with project's scala-library version: 3.3.6
2025.10.11 03:21:43 INFO  no build target found for /Users/jonathangallus/WebApps/blackjack-wa/blackjack/src/main/scala/view/TUI.scala. Using presentation compiler with project's scala-library version: 3.3.6
2025.10.11 03:21:46 INFO  no build target found for /Users/jonathangallus/WebApps/blackjack-wa/blackjack/src/main/scala/view/TUI.scala. Using presentation compiler with project's scala-library version: 3.3.6
2025.10.11 03:21:56 INFO  no build target found for /Users/jonathangallus/WebApps/blackjack-wa/blackjack/src/main/scala/view/TUI.scala. Using presentation compiler with project's scala-library version: 3.3.6
2025.10.11 03:22:02 INFO  no build target found for /Users/jonathangallus/WebApps/blackjack-wa/blackjack/src/main/scala/view/TUI.scala. Using presentation compiler with project's scala-library version: 3.3.6
2025.10.11 03:22:02 INFO  no build target found for /Users/jonathangallus/WebApps/blackjack-wa/blackjack/src/main/scala/view/TUI.scala. Using presentation compiler with project's scala-library version: 3.3.6
2025.10.11 03:22:02 INFO  no build target found for /Users/jonathangallus/WebApps/blackjack-wa/blackjack/src/main/scala/view/TUI.scala. Using presentation compiler with project's scala-library version: 3.3.6
2025.10.11 03:22:03 INFO  no build target found for /Users/jonathangallus/WebApps/blackjack-wa/blackjack/src/main/scala/view/TUI.scala. Using presentation compiler with project's scala-library version: 3.3.6
2025.10.11 03:22:03 INFO  no build target found for /Users/jonathangallus/WebApps/blackjack-wa/blackjack/src/main/scala/view/TUI.scala. Using presentation compiler with project's scala-library version: 3.3.6
2025.10.11 03:22:03 INFO  no build target found for /Users/jonathangallus/WebApps/blackjack-wa/blackjack/src/main/scala/view/TUI.scala. Using presentation compiler with project's scala-library version: 3.3.6
2025.10.11 03:22:04 INFO  no build target found for /Users/jonathangallus/WebApps/blackjack-wa/blackjack/src/main/scala/view/TUI.scala. Using presentation compiler with project's scala-library version: 3.3.6
2025.10.11 03:22:04 WARN  no build target for: /Users/jonathangallus/WebApps/blackjack-wa/blackjack/src/main/scala/view/TUI.scala
2025.10.11 03:22:04 INFO  no build target found for /Users/jonathangallus/WebApps/blackjack-wa/blackjack/src/main/scala/view/TUI.scala. Using presentation compiler with project's scala-library version: 3.3.6
2025.10.11 03:22:24 INFO  no build target found for /Users/jonathangallus/WebApps/blackjack-wa/blackjack/src/main/scala/view/TUI.scala. Using presentation compiler with project's scala-library version: 3.3.6
2025.10.11 03:22:24 INFO  no build target found for /Users/jonathangallus/WebApps/blackjack-wa/blackjack/src/main/scala/view/TUI.scala. Using presentation compiler with project's scala-library version: 3.3.6
2025.10.11 03:22:26 WARN  no build target for: /Users/jonathangallus/WebApps/blackjack-wa/app/controllers/HomeController.scala
2025.10.11 03:22:26 INFO  no build target found for /Users/jonathangallus/WebApps/blackjack-wa/app/controllers/HomeController.scala. Using presentation compiler with project's scala-library version: 3.3.6
2025.10.11 03:22:27 INFO  no build target found for /Users/jonathangallus/WebApps/blackjack-wa/app/controllers/HomeController.scala. Using presentation compiler with project's scala-library version: 3.3.6
2025.10.11 03:22:26 INFO  no build target found for /Users/jonathangallus/WebApps/blackjack-wa/app/controllers/HomeController.scala. Using presentation compiler with project's scala-library version: 3.3.6
2025.10.11 03:22:27 INFO  Created report: Optional[file:///Users/jonathangallus/WebApps/blackjack-wa/app/controllers/HomeController.scala]
2025.10.11 03:22:27 INFO  empty definition using pc, found symbol in pc: `<none>`. (full report at: "/Users/jonathangallus/WebApps/blackjack-wa/.metals/.reports/metals-full/2025-10-11/r_empty-definition_03-22-27-245.md")
2025.10.11 03:22:27 INFO  no build target found for /Users/jonathangallus/WebApps/blackjack-wa/app/controllers/HomeController.scala. Using presentation compiler with project's scala-library version: 3.3.6
2025.10.11 03:22:28 WARN  no build target for: /Users/jonathangallus/WebApps/blackjack-wa/app/controllers/HomeController.scala
2025.10.11 03:22:28 INFO  no build target found for /Users/jonathangallus/WebApps/blackjack-wa/app/controllers/HomeController.scala. Using presentation compiler with project's scala-library version: 3.3.6
2025.10.11 03:22:30 INFO  no build target found for /Users/jonathangallus/WebApps/blackjack-wa/app/controllers/HomeController.scala. Using presentation compiler with project's scala-library version: 3.3.6
2025.10.11 03:22:33 INFO  no build target found for /Users/jonathangallus/WebApps/blackjack-wa/app/controllers/HomeController.scala. Using presentation compiler with project's scala-library version: 3.3.6
2025.10.11 03:22:36 INFO  no build target found for /Users/jonathangallus/WebApps/blackjack-wa/app/controllers/HomeController.scala. Using presentation compiler with project's scala-library version: 3.3.6
2025.10.11 03:22:37 INFO  no build target found for /Users/jonathangallus/WebApps/blackjack-wa/app/controllers/HomeController.scala. Using presentation compiler with project's scala-library version: 3.3.6
2025.10.11 03:22:37 WARN  no build target for: /Users/jonathangallus/WebApps/blackjack-wa/app/controllers/HomeController.scala
2025.10.11 03:22:37 INFO  no build target found for /Users/jonathangallus/WebApps/blackjack-wa/app/controllers/HomeController.scala. Using presentation compiler with project's scala-library version: 3.3.6
2025.10.11 03:22:37 INFO  no build target found for /Users/jonathangallus/WebApps/blackjack-wa/app/controllers/HomeController.scala. Using presentation compiler with project's scala-library version: 3.3.6
2025.10.11 03:22:38 INFO  no build target found for /Users/jonathangallus/WebApps/blackjack-wa/app/controllers/HomeController.scala. Using presentation compiler with project's scala-library version: 3.3.6
2025.10.11 03:22:38 INFO  no build target found for /Users/jonathangallus/WebApps/blackjack-wa/app/controllers/HomeController.scala. Using presentation compiler with project's scala-library version: 3.3.6
2025.10.11 03:22:39 INFO  no build target found for /Users/jonathangallus/WebApps/blackjack-wa/app/controllers/HomeController.scala. Using presentation compiler with project's scala-library version: 3.3.6
2025.10.11 03:22:40 INFO  no build target found for /Users/jonathangallus/WebApps/blackjack-wa/app/controllers/HomeController.scala. Using presentation compiler with project's scala-library version: 3.3.6
2025.10.11 03:22:40 INFO  no build target found for /Users/jonathangallus/WebApps/blackjack-wa/app/controllers/HomeController.scala. Using presentation compiler with project's scala-library version: 3.3.6
2025.10.11 03:22:41 INFO  no build target found for /Users/jonathangallus/WebApps/blackjack-wa/app/controllers/HomeController.scala. Using presentation compiler with project's scala-library version: 3.3.6
2025.10.11 03:22:41 INFO  no build target found for /Users/jonathangallus/WebApps/blackjack-wa/app/controllers/HomeController.scala. Using presentation compiler with project's scala-library version: 3.3.6
2025.10.11 03:22:42 WARN  no build target for: /Users/jonathangallus/WebApps/blackjack-wa/app/controllers/HomeController.scala
2025.10.11 03:22:42 INFO  no build target found for /Users/jonathangallus/WebApps/blackjack-wa/app/controllers/HomeController.scala. Using presentation compiler with project's scala-library version: 3.3.6
2025.10.11 03:22:49 INFO  no build target found for /Users/jonathangallus/WebApps/blackjack-wa/app/controllers/HomeController.scala. Using presentation compiler with project's scala-library version: 3.3.6
2025.10.11 03:22:52 INFO  no build target found for /Users/jonathangallus/WebApps/blackjack-wa/app/controllers/HomeController.scala. Using presentation compiler with project's scala-library version: 3.3.6
2025.10.11 03:22:52 INFO  no build target found for /Users/jonathangallus/WebApps/blackjack-wa/app/controllers/HomeController.scala. Using presentation compiler with project's scala-library version: 3.3.6
2025.10.11 03:22:55 INFO  no build target found for /Users/jonathangallus/WebApps/blackjack-wa/app/controllers/HomeController.scala. Using presentation compiler with project's scala-library version: 3.3.6
2025.10.11 03:22:56 INFO  no build target found for /Users/jonathangallus/WebApps/blackjack-wa/app/controllers/HomeController.scala. Using presentation compiler with project's scala-library version: 3.3.6
2025.10.11 03:23:05 INFO  no build target found for /Users/jonathangallus/WebApps/blackjack-wa/app/controllers/HomeController.scala. Using presentation compiler with project's scala-library version: 3.3.6
2025.10.11 03:23:08 INFO  no build target found for /Users/jonathangallus/WebApps/blackjack-wa/app/controllers/HomeController.scala. Using presentation compiler with project's scala-library version: 3.3.6
2025.10.11 03:23:09 INFO  no build target found for /Users/jonathangallus/WebApps/blackjack-wa/app/controllers/HomeController.scala. Using presentation compiler with project's scala-library version: 3.3.6
2025.10.11 03:23:09 INFO  no build target found for /Users/jonathangallus/WebApps/blackjack-wa/app/controllers/HomeController.scala. Using presentation compiler with project's scala-library version: 3.3.6
2025.10.11 03:23:09 INFO  no build target found for /Users/jonathangallus/WebApps/blackjack-wa/app/controllers/HomeController.scala. Using presentation compiler with project's scala-library version: 3.3.6
2025.10.11 03:23:10 INFO  no build target found for /Users/jonathangallus/WebApps/blackjack-wa/app/controllers/HomeController.scala. Using presentation compiler with project's scala-library version: 3.3.6
2025.10.11 03:23:11 INFO  no build target found for /Users/jonathangallus/WebApps/blackjack-wa/app/controllers/HomeController.scala. Using presentation compiler with project's scala-library version: 3.3.6
2025.10.11 03:23:12 INFO  no build target found for /Users/jonathangallus/WebApps/blackjack-wa/app/controllers/HomeController.scala. Using presentation compiler with project's scala-library version: 3.3.6
2025.10.11 03:23:12 INFO  no build target found for /Users/jonathangallus/WebApps/blackjack-wa/app/controllers/HomeController.scala. Using presentation compiler with project's scala-library version: 3.3.6
2025.10.11 03:23:12 INFO  no build target found for /Users/jonathangallus/WebApps/blackjack-wa/app/controllers/HomeController.scala. Using presentation compiler with project's scala-library version: 3.3.6
2025.10.11 03:23:13 INFO  no build target found for /Users/jonathangallus/WebApps/blackjack-wa/app/controllers/HomeController.scala. Using presentation compiler with project's scala-library version: 3.3.6
2025.10.11 03:23:13 INFO  no build target found for /Users/jonathangallus/WebApps/blackjack-wa/app/controllers/HomeController.scala. Using presentation compiler with project's scala-library version: 3.3.6
2025.10.11 03:23:13 INFO  no build target found for /Users/jonathangallus/WebApps/blackjack-wa/app/controllers/HomeController.scala. Using presentation compiler with project's scala-library version: 3.3.6
2025.10.11 03:23:13 INFO  no build target found for /Users/jonathangallus/WebApps/blackjack-wa/app/controllers/HomeController.scala. Using presentation compiler with project's scala-library version: 3.3.6
2025.10.11 03:23:14 INFO  no build target found for /Users/jonathangallus/WebApps/blackjack-wa/app/controllers/HomeController.scala. Using presentation compiler with project's scala-library version: 3.3.6
2025.10.11 03:23:16 INFO  no build target found for /Users/jonathangallus/WebApps/blackjack-wa/app/controllers/HomeController.scala. Using presentation compiler with project's scala-library version: 3.3.6
2025.10.11 03:23:16 INFO  no build target found for /Users/jonathangallus/WebApps/blackjack-wa/app/controllers/HomeController.scala. Using presentation compiler with project's scala-library version: 3.3.6
2025.10.11 03:23:17 INFO  no build target found for /Users/jonathangallus/WebApps/blackjack-wa/app/controllers/HomeController.scala. Using presentation compiler with project's scala-library version: 3.3.6
2025.10.11 03:23:17 INFO  no build target found for /Users/jonathangallus/WebApps/blackjack-wa/app/controllers/HomeController.scala. Using presentation compiler with project's scala-library version: 3.3.6
2025.10.11 03:23:18 INFO  no build target found for /Users/jonathangallus/WebApps/blackjack-wa/app/controllers/HomeController.scala. Using presentation compiler with project's scala-library version: 3.3.6
2025.10.11 03:23:18 INFO  empty definition using pc, found symbol in pc: `<none>`. (full report at: "/Users/jonathangallus/WebApps/blackjack-wa/.metals/.reports/metals-full/2025-10-11/r_empty-definition_03-22-27-245.md")
2025.10.11 03:23:18 WARN  no build target for: /Users/jonathangallus/WebApps/blackjack-wa/app/controllers/HomeController.scala
2025.10.11 03:23:18 INFO  no build target found for /Users/jonathangallus/WebApps/blackjack-wa/app/controllers/HomeController.scala. Using presentation compiler with project's scala-library version: 3.3.6
2025.10.11 03:23:22 INFO  no build target found for /Users/jonathangallus/WebApps/blackjack-wa/app/controllers/HomeController.scala. Using presentation compiler with project's scala-library version: 3.3.6
2025.10.11 03:23:24 INFO  no build target found for /Users/jonathangallus/WebApps/blackjack-wa/app/controllers/HomeController.scala. Using presentation compiler with project's scala-library version: 3.3.6
2025.10.11 03:23:24 INFO  no build target found for /Users/jonathangallus/WebApps/blackjack-wa/app/controllers/HomeController.scala. Using presentation compiler with project's scala-library version: 3.3.6
2025.10.11 03:23:24 INFO  no build target found for /Users/jonathangallus/WebApps/blackjack-wa/app/controllers/HomeController.scala. Using presentation compiler with project's scala-library version: 3.3.6
2025.10.11 03:23:24 INFO  no build target found for /Users/jonathangallus/WebApps/blackjack-wa/app/controllers/HomeController.scala. Using presentation compiler with project's scala-library version: 3.3.6
2025.10.11 03:23:25 WARN  no build target for: /Users/jonathangallus/WebApps/blackjack-wa/app/controllers/HomeController.scala
2025.10.11 03:23:25 INFO  no build target found for /Users/jonathangallus/WebApps/blackjack-wa/app/controllers/HomeController.scala. Using presentation compiler with project's scala-library version: 3.3.6
2025.10.11 03:23:25 INFO  no build target found for /Users/jonathangallus/WebApps/blackjack-wa/app/controllers/HomeController.scala. Using presentation compiler with project's scala-library version: 3.3.6
2025.10.11 03:23:35 WARN  no build target for: /Users/jonathangallus/WebApps/blackjack-wa/app/controllers/HomeController.scala
2025.10.11 03:23:35 INFO  no build target found for /Users/jonathangallus/WebApps/blackjack-wa/app/controllers/HomeController.scala. Using presentation compiler with project's scala-library version: 3.3.6
2025.10.11 03:26:40 INFO  no build target found for /Users/jonathangallus/WebApps/blackjack-wa/app/controllers/HomeController.scala. Using presentation compiler with project's scala-library version: 3.3.6
2025.10.11 03:26:47 INFO  no build target found for /Users/jonathangallus/WebApps/blackjack-wa/app/controllers/HomeController.scala. Using presentation compiler with project's scala-library version: 3.3.6
2025.10.11 03:27:00 INFO  no build target found for /Users/jonathangallus/WebApps/blackjack-wa/app/controllers/HomeController.scala. Using presentation compiler with project's scala-library version: 3.3.6
2025.10.11 03:27:00 INFO  no build target found for /Users/jonathangallus/WebApps/blackjack-wa/app/controllers/HomeController.scala. Using presentation compiler with project's scala-library version: 3.3.6
2025.10.11 03:27:11 INFO  no build target found for /Users/jonathangallus/WebApps/blackjack-wa/app/controllers/HomeController.scala. Using presentation compiler with project's scala-library version: 3.3.6
2025.10.11 03:27:15 INFO  no build target found for /Users/jonathangallus/WebApps/blackjack-wa/app/controllers/HomeController.scala. Using presentation compiler with project's scala-library version: 3.3.6
2025.10.11 03:30:17 INFO  no build target found for /Users/jonathangallus/WebApps/blackjack-wa/app/controllers/HomeController.scala. Using presentation compiler with project's scala-library version: 3.3.6
2025.10.11 03:33:20 INFO  no build target found for /Users/jonathangallus/WebApps/blackjack-wa/app/controllers/HomeController.scala. Using presentation compiler with project's scala-library version: 3.3.6
2025.10.11 03:33:20 INFO  no build target found for /Users/jonathangallus/WebApps/blackjack-wa/app/controllers/HomeController.scala. Using presentation compiler with project's scala-library version: 3.3.6
2025.10.11 03:33:28 INFO  no build target found for /Users/jonathangallus/WebApps/blackjack-wa/app/controllers/HomeController.scala. Using presentation compiler with project's scala-library version: 3.3.6
2025.10.11 03:33:29 WARN  no build target for: /Users/jonathangallus/WebApps/blackjack-wa/app/controllers/HomeController.scala
2025.10.11 03:33:29 INFO  no build target found for /Users/jonathangallus/WebApps/blackjack-wa/app/controllers/HomeController.scala. Using presentation compiler with project's scala-library version: 3.3.6
2025.10.11 03:33:31 INFO  Shutting down server
2025.10.11 03:33:31 INFO  shutting down Metals
2025.10.11 03:33:31 INFO  Exiting server
2025.10.11 03:41:44 INFO  Started: Metals version 1.6.2 in folders '/Users/jonathangallus/WebApps/blackjack-wa' for client Cursor 1.99.3.
2025.10.11 03:41:44 INFO  no build target found for /Users/jonathangallus/WebApps/blackjack-wa/app/controllers/HomeController.scala. Using presentation compiler with project's scala-library version: 3.3.6
2025.10.11 03:41:52 INFO  no build target found for /Users/jonathangallus/WebApps/blackjack-wa/app/controllers/HomeController.scala. Using presentation compiler with project's scala-library version: 3.3.6
2025.10.11 03:41:54 INFO  no build target found for /Users/jonathangallus/WebApps/blackjack-wa/app/controllers/HomeController.scala. Using presentation compiler with project's scala-library version: 3.3.6
2025.10.11 03:41:59 INFO  no build target found for /Users/jonathangallus/WebApps/blackjack-wa/app/controllers/HomeController.scala. Using presentation compiler with project's scala-library version: 3.3.6
2025.10.11 03:41:59 INFO  no build target found for /Users/jonathangallus/WebApps/blackjack-wa/app/controllers/HomeController.scala. Using presentation compiler with project's scala-library version: 3.3.6
2025.10.11 03:42:01 INFO  no build target found for /Users/jonathangallus/WebApps/blackjack-wa/app/controllers/HomeController.scala. Using presentation compiler with project's scala-library version: 3.3.6
2025.10.11 03:42:01 INFO  no build target found for /Users/jonathangallus/WebApps/blackjack-wa/app/controllers/HomeController.scala. Using presentation compiler with project's scala-library version: 3.3.6
2025.10.11 03:42:01 INFO  no build target found for /Users/jonathangallus/WebApps/blackjack-wa/app/controllers/HomeController.scala. Using presentation compiler with project's scala-library version: 3.3.6
2025.10.11 03:42:02 INFO  no build target found for /Users/jonathangallus/WebApps/blackjack-wa/app/controllers/HomeController.scala. Using presentation compiler with project's scala-library version: 3.3.6
2025.10.11 03:42:07 INFO  no build target found for /Users/jonathangallus/WebApps/blackjack-wa/app/controllers/HomeController.scala. Using presentation compiler with project's scala-library version: 3.3.6
2025.10.11 03:43:46 INFO  no build target found for /Users/jonathangallus/WebApps/blackjack-wa/app/controllers/HomeController.scala. Using presentation compiler with project's scala-library version: 3.3.6
2025.10.11 03:43:46 WARN  no build target for: /Users/jonathangallus/WebApps/blackjack-wa/app/controllers/HomeController.scala
2025.10.11 03:43:46 INFO  no build target found for /Users/jonathangallus/WebApps/blackjack-wa/app/controllers/HomeController.scala. Using presentation compiler with project's scala-library version: 3.3.6
2025.10.11 03:43:46 INFO  no build target found for /Users/jonathangallus/WebApps/blackjack-wa/app/controllers/HomeController.scala. Using presentation compiler with project's scala-library version: 3.3.6
2025.10.11 03:43:46 WARN  no build target for: /Users/jonathangallus/WebApps/blackjack-wa/app/controllers/HomeController.scala
2025.10.11 03:43:47 INFO  no build target found for /Users/jonathangallus/WebApps/blackjack-wa/app/controllers/HomeController.scala. Using presentation compiler with project's scala-library version: 3.3.6
2025.10.11 03:43:51 INFO  no build target found for /Users/jonathangallus/WebApps/blackjack-wa/app/controllers/HomeController.scala. Using presentation compiler with project's scala-library version: 3.3.6
2025.10.11 03:43:51 INFO  no build target found for /Users/jonathangallus/WebApps/blackjack-wa/app/controllers/HomeController.scala. Using presentation compiler with project's scala-library version: 3.3.6
2025.10.11 03:43:51 WARN  no build target for: /Users/jonathangallus/WebApps/blackjack-wa/app/controllers/HomeController.scala
2025.10.11 03:43:51 INFO  no build target found for /Users/jonathangallus/WebApps/blackjack-wa/app/controllers/HomeController.scala. Using presentation compiler with project's scala-library version: 3.3.6
2025.10.11 03:49:15 WARN  no build target for: /Users/jonathangallus/WebApps/blackjack-wa/app/controllers/HomeController.scala
2025.10.11 03:49:15 INFO  no build target found for /Users/jonathangallus/WebApps/blackjack-wa/app/controllers/HomeController.scala. Using presentation compiler with project's scala-library version: 3.3.6
2025.10.11 03:49:20 INFO  no build target found for /Users/jonathangallus/WebApps/blackjack-wa/app/controllers/HomeController.scala. Using presentation compiler with project's scala-library version: 3.3.6
2025.10.11 03:49:22 INFO  no build target found for /Users/jonathangallus/WebApps/blackjack-wa/app/controllers/HomeController.scala. Using presentation compiler with project's scala-library version: 3.3.6
2025.10.11 03:49:22 INFO  no build target found for /Users/jonathangallus/WebApps/blackjack-wa/app/controllers/HomeController.scala. Using presentation compiler with project's scala-library version: 3.3.6
2025.10.11 03:49:23 INFO  no build target found for /Users/jonathangallus/WebApps/blackjack-wa/app/controllers/HomeController.scala. Using presentation compiler with project's scala-library version: 3.3.6
2025.10.11 03:49:23 INFO  no build target found for /Users/jonathangallus/WebApps/blackjack-wa/app/controllers/HomeController.scala. Using presentation compiler with project's scala-library version: 3.3.6
2025.10.11 03:49:24 INFO  no build target found for /Users/jonathangallus/WebApps/blackjack-wa/app/controllers/HomeController.scala. Using presentation compiler with project's scala-library version: 3.3.6
2025.10.11 03:49:28 INFO  no build target found for /Users/jonathangallus/WebApps/blackjack-wa/app/controllers/HomeController.scala. Using presentation compiler with project's scala-library version: 3.3.6
2025.10.11 03:49:28 INFO  no build target found for /Users/jonathangallus/WebApps/blackjack-wa/app/controllers/HomeController.scala. Using presentation compiler with project's scala-library version: 3.3.6
2025.10.11 03:49:29 INFO  no build target found for /Users/jonathangallus/WebApps/blackjack-wa/app/controllers/HomeController.scala. Using presentation compiler with project's scala-library version: 3.3.6
2025.10.11 03:49:29 INFO  no build target found for /Users/jonathangallus/WebApps/blackjack-wa/app/controllers/HomeController.scala. Using presentation compiler with project's scala-library version: 3.3.6
2025.10.11 03:49:30 INFO  no build target found for /Users/jonathangallus/WebApps/blackjack-wa/app/controllers/HomeController.scala. Using presentation compiler with project's scala-library version: 3.3.6
2025.10.11 03:49:33 INFO  no build target found for /Users/jonathangallus/WebApps/blackjack-wa/app/controllers/HomeController.scala. Using presentation compiler with project's scala-library version: 3.3.6
2025.10.11 03:49:33 INFO  no build target found for /Users/jonathangallus/WebApps/blackjack-wa/app/controllers/HomeController.scala. Using presentation compiler with project's scala-library version: 3.3.6
2025.10.11 03:49:37 INFO  no build target found for /Users/jonathangallus/WebApps/blackjack-wa/app/controllers/HomeController.scala. Using presentation compiler with project's scala-library version: 3.3.6
2025.10.11 03:49:37 INFO  no build target found for /Users/jonathangallus/WebApps/blackjack-wa/app/controllers/HomeController.scala. Using presentation compiler with project's scala-library version: 3.3.6
2025.10.11 03:49:42 INFO  no build target found for /Users/jonathangallus/WebApps/blackjack-wa/app/controllers/HomeController.scala. Using presentation compiler with project's scala-library version: 3.3.6
2025.10.11 03:49:42 INFO  no build target found for /Users/jonathangallus/WebApps/blackjack-wa/app/controllers/HomeController.scala. Using presentation compiler with project's scala-library version: 3.3.6
2025.10.11 03:49:45 INFO  no build target found for /Users/jonathangallus/WebApps/blackjack-wa/app/controllers/HomeController.scala. Using presentation compiler with project's scala-library version: 3.3.6
2025.10.11 03:49:47 INFO  no build target found for /Users/jonathangallus/WebApps/blackjack-wa/app/controllers/HomeController.scala. Using presentation compiler with project's scala-library version: 3.3.6
2025.10.11 03:49:47 INFO  no build target found for /Users/jonathangallus/WebApps/blackjack-wa/app/controllers/HomeController.scala. Using presentation compiler with project's scala-library version: 3.3.6
2025.10.11 03:49:47 INFO  no build target found for /Users/jonathangallus/WebApps/blackjack-wa/app/controllers/HomeController.scala. Using presentation compiler with project's scala-library version: 3.3.6
2025.10.11 03:49:47 INFO  no build target found for /Users/jonathangallus/WebApps/blackjack-wa/app/controllers/HomeController.scala. Using presentation compiler with project's scala-library version: 3.3.6
2025.10.11 03:49:48 INFO  no build target found for /Users/jonathangallus/WebApps/blackjack-wa/app/controllers/HomeController.scala. Using presentation compiler with project's scala-library version: 3.3.6
2025.10.11 03:49:48 INFO  no build target found for /Users/jonathangallus/WebApps/blackjack-wa/app/controllers/HomeController.scala. Using presentation compiler with project's scala-library version: 3.3.6
2025.10.11 03:49:49 INFO  no build target found for /Users/jonathangallus/WebApps/blackjack-wa/app/controllers/HomeController.scala. Using presentation compiler with project's scala-library version: 3.3.6
2025.10.11 03:49:51 INFO  no build target found for /Users/jonathangallus/WebApps/blackjack-wa/app/controllers/HomeController.scala. Using presentation compiler with project's scala-library version: 3.3.6
2025.10.11 03:49:51 INFO  no build target found for /Users/jonathangallus/WebApps/blackjack-wa/app/controllers/HomeController.scala. Using presentation compiler with project's scala-library version: 3.3.6
2025.10.11 03:49:51 INFO  no build target found for /Users/jonathangallus/WebApps/blackjack-wa/app/controllers/HomeController.scala. Using presentation compiler with project's scala-library version: 3.3.6
2025.10.11 03:49:52 INFO  no build target found for /Users/jonathangallus/WebApps/blackjack-wa/app/controllers/HomeController.scala. Using presentation compiler with project's scala-library version: 3.3.6
2025.10.11 03:49:53 INFO  no build target found for /Users/jonathangallus/WebApps/blackjack-wa/app/controllers/HomeController.scala. Using presentation compiler with project's scala-library version: 3.3.6
2025.10.11 03:49:53 INFO  no build target found for /Users/jonathangallus/WebApps/blackjack-wa/app/controllers/HomeController.scala. Using presentation compiler with project's scala-library version: 3.3.6
2025.10.11 03:49:53 INFO  no build target found for /Users/jonathangallus/WebApps/blackjack-wa/app/controllers/HomeController.scala. Using presentation compiler with project's scala-library version: 3.3.6
2025.10.11 03:49:53 INFO  no build target found for /Users/jonathangallus/WebApps/blackjack-wa/app/controllers/HomeController.scala. Using presentation compiler with project's scala-library version: 3.3.6
2025.10.11 03:49:55 INFO  no build target found for /Users/jonathangallus/WebApps/blackjack-wa/app/controllers/HomeController.scala. Using presentation compiler with project's scala-library version: 3.3.6
2025.10.11 03:49:55 INFO  no build target found for /Users/jonathangallus/WebApps/blackjack-wa/app/controllers/HomeController.scala. Using presentation compiler with project's scala-library version: 3.3.6
2025.10.11 03:49:57 INFO  no build target found for /Users/jonathangallus/WebApps/blackjack-wa/app/controllers/HomeController.scala. Using presentation compiler with project's scala-library version: 3.3.6
2025.10.11 03:49:57 INFO  no build target found for /Users/jonathangallus/WebApps/blackjack-wa/app/controllers/HomeController.scala. Using presentation compiler with project's scala-library version: 3.3.6
2025.10.11 03:49:58 INFO  no build target found for /Users/jonathangallus/WebApps/blackjack-wa/app/controllers/HomeController.scala. Using presentation compiler with project's scala-library version: 3.3.6
2025.10.11 03:50:01 INFO  no build target found for /Users/jonathangallus/WebApps/blackjack-wa/app/controllers/HomeController.scala. Using presentation compiler with project's scala-library version: 3.3.6
2025.10.11 03:50:01 INFO  no build target found for /Users/jonathangallus/WebApps/blackjack-wa/app/controllers/HomeController.scala. Using presentation compiler with project's scala-library version: 3.3.6
2025.10.11 03:50:02 INFO  no build target found for /Users/jonathangallus/WebApps/blackjack-wa/app/controllers/HomeController.scala. Using presentation compiler with project's scala-library version: 3.3.6
2025.10.11 03:50:09 INFO  no build target found for /Users/jonathangallus/WebApps/blackjack-wa/app/controllers/HomeController.scala. Using presentation compiler with project's scala-library version: 3.3.6
2025.10.11 03:50:09 INFO  no build target found for /Users/jonathangallus/WebApps/blackjack-wa/app/controllers/HomeController.scala. Using presentation compiler with project's scala-library version: 3.3.6
2025.10.11 03:50:10 INFO  no build target found for /Users/jonathangallus/WebApps/blackjack-wa/app/controllers/HomeController.scala. Using presentation compiler with project's scala-library version: 3.3.6
2025.10.11 03:50:11 INFO  no build target found for /Users/jonathangallus/WebApps/blackjack-wa/app/controllers/HomeController.scala. Using presentation compiler with project's scala-library version: 3.3.6
2025.10.11 03:50:12 INFO  no build target found for /Users/jonathangallus/WebApps/blackjack-wa/app/controllers/HomeController.scala. Using presentation compiler with project's scala-library version: 3.3.6
2025.10.11 03:50:12 INFO  no build target found for /Users/jonathangallus/WebApps/blackjack-wa/app/controllers/HomeController.scala. Using presentation compiler with project's scala-library version: 3.3.6
2025.10.11 03:50:17 INFO  no build target found for /Users/jonathangallus/WebApps/blackjack-wa/app/controllers/HomeController.scala. Using presentation compiler with project's scala-library version: 3.3.6
2025.10.11 03:50:17 INFO  no build target found for /Users/jonathangallus/WebApps/blackjack-wa/app/controllers/HomeController.scala. Using presentation compiler with project's scala-library version: 3.3.6
2025.10.11 03:50:18 INFO  no build target found for /Users/jonathangallus/WebApps/blackjack-wa/app/controllers/HomeController.scala. Using presentation compiler with project's scala-library version: 3.3.6
2025.10.11 03:50:18 INFO  no build target found for /Users/jonathangallus/WebApps/blackjack-wa/app/controllers/HomeController.scala. Using presentation compiler with project's scala-library version: 3.3.6
2025.10.11 03:50:18 INFO  no build target found for /Users/jonathangallus/WebApps/blackjack-wa/app/controllers/HomeController.scala. Using presentation compiler with project's scala-library version: 3.3.6
2025.10.11 03:50:18 INFO  no build target found for /Users/jonathangallus/WebApps/blackjack-wa/app/controllers/HomeController.scala. Using presentation compiler with project's scala-library version: 3.3.6
2025.10.11 03:50:24 INFO  no build target found for /Users/jonathangallus/WebApps/blackjack-wa/app/controllers/HomeController.scala. Using presentation compiler with project's scala-library version: 3.3.6
2025.10.11 03:51:01 INFO  no build target found for /Users/jonathangallus/WebApps/blackjack-wa/app/modules/modules.BlackjackModule.scala. Using presentation compiler with project's scala-library version: 3.3.6
2025.10.11 03:51:01 WARN  no build target for: /Users/jonathangallus/WebApps/blackjack-wa/app/controllers/HomeController.scala
2025.10.11 03:51:01 INFO  no build target found for /Users/jonathangallus/WebApps/blackjack-wa/app/controllers/HomeController.scala. Using presentation compiler with project's scala-library version: 3.3.6
2025.10.11 03:51:02 INFO  no build target found for /Users/jonathangallus/WebApps/blackjack-wa/app/controllers/HomeController.scala. Using presentation compiler with project's scala-library version: 3.3.6
2025.10.11 03:51:49 WARN  no build target for: /Users/jonathangallus/WebApps/blackjack-wa/app/controllers/HomeController.scala
2025.10.11 03:51:49 INFO  no build target found for /Users/jonathangallus/WebApps/blackjack-wa/app/controllers/HomeController.scala. Using presentation compiler with project's scala-library version: 3.3.6
2025.10.11 03:51:50 INFO  no build target found for /Users/jonathangallus/WebApps/blackjack-wa/app/controllers/HomeController.scala. Using presentation compiler with project's scala-library version: 3.3.6
2025.10.11 03:51:53 INFO  no build target found for /Users/jonathangallus/WebApps/blackjack-wa/app/controllers/HomeController.scala. Using presentation compiler with project's scala-library version: 3.3.6
2025.10.11 03:51:53 INFO  no build target found for /Users/jonathangallus/WebApps/blackjack-wa/app/controllers/HomeController.scala. Using presentation compiler with project's scala-library version: 3.3.6
2025.10.11 03:51:54 INFO  no build target found for /Users/jonathangallus/WebApps/blackjack-wa/app/controllers/HomeController.scala. Using presentation compiler with project's scala-library version: 3.3.6
2025.10.11 03:51:54 INFO  no build target found for /Users/jonathangallus/WebApps/blackjack-wa/app/controllers/HomeController.scala. Using presentation compiler with project's scala-library version: 3.3.6
2025.10.11 03:51:54 INFO  no build target found for /Users/jonathangallus/WebApps/blackjack-wa/app/controllers/HomeController.scala. Using presentation compiler with project's scala-library version: 3.3.6
2025.10.11 03:51:54 INFO  no build target found for /Users/jonathangallus/WebApps/blackjack-wa/app/controllers/HomeController.scala. Using presentation compiler with project's scala-library version: 3.3.6
2025.10.11 03:51:55 INFO  no build target found for /Users/jonathangallus/WebApps/blackjack-wa/app/controllers/HomeController.scala. Using presentation compiler with project's scala-library version: 3.3.6
2025.10.11 03:51:59 INFO  no build target found for /Users/jonathangallus/WebApps/blackjack-wa/app/controllers/HomeController.scala. Using presentation compiler with project's scala-library version: 3.3.6
2025.10.11 03:52:03 INFO  no build target found for /Users/jonathangallus/WebApps/blackjack-wa/app/controllers/HomeController.scala. Using presentation compiler with project's scala-library version: 3.3.6
2025.10.11 03:52:16 INFO  no build target found for /Users/jonathangallus/WebApps/blackjack-wa/app/controllers/HomeController.scala. Using presentation compiler with project's scala-library version: 3.3.6
2025.10.11 03:52:16 INFO  no build target found for /Users/jonathangallus/WebApps/blackjack-wa/app/controllers/HomeController.scala. Using presentation compiler with project's scala-library version: 3.3.6
2025.10.11 03:52:16 INFO  no build target found for /Users/jonathangallus/WebApps/blackjack-wa/app/controllers/HomeController.scala. Using presentation compiler with project's scala-library version: 3.3.6
2025.10.11 03:52:19 INFO  no build target found for /Users/jonathangallus/WebApps/blackjack-wa/app/controllers/HomeController.scala. Using presentation compiler with project's scala-library version: 3.3.6
2025.10.11 03:52:19 INFO  no build target found for /Users/jonathangallus/WebApps/blackjack-wa/app/controllers/HomeController.scala. Using presentation compiler with project's scala-library version: 3.3.6
2025.10.11 03:52:19 INFO  no build target found for /Users/jonathangallus/WebApps/blackjack-wa/app/controllers/HomeController.scala. Using presentation compiler with project's scala-library version: 3.3.6
2025.10.11 03:52:20 INFO  no build target found for /Users/jonathangallus/WebApps/blackjack-wa/app/controllers/HomeController.scala. Using presentation compiler with project's scala-library version: 3.3.6
2025.10.11 03:52:21 INFO  no build target found for /Users/jonathangallus/WebApps/blackjack-wa/app/controllers/HomeController.scala. Using presentation compiler with project's scala-library version: 3.3.6
2025.10.11 03:52:27 INFO  no build target found for /Users/jonathangallus/WebApps/blackjack-wa/app/controllers/HomeController.scala. Using presentation compiler with project's scala-library version: 3.3.6
2025.10.11 03:52:38 INFO  no build target found for /Users/jonathangallus/WebApps/blackjack-wa/blackjack/src/main/scala/controller/controllerComponent/ControllerInterface.scala. Using presentation compiler with project's scala-library version: 3.3.6
2025.10.11 03:52:45 WARN  no build target for: /Users/jonathangallus/WebApps/blackjack-wa/app/controllers/HomeController.scala
2025.10.11 03:52:45 INFO  no build target found for /Users/jonathangallus/WebApps/blackjack-wa/app/controllers/HomeController.scala. Using presentation compiler with project's scala-library version: 3.3.6
2025.10.11 03:52:45 INFO  no build target found for /Users/jonathangallus/WebApps/blackjack-wa/app/controllers/HomeController.scala. Using presentation compiler with project's scala-library version: 3.3.6
2025.10.11 03:52:45 INFO  no build target found for /Users/jonathangallus/WebApps/blackjack-wa/app/controllers/HomeController.scala. Using presentation compiler with project's scala-library version: 3.3.6
2025.10.11 03:52:49 WARN  no build target for: /Users/jonathangallus/WebApps/blackjack-wa/blackjack/src/main/scala/controller/controllerComponent/ControllerInterface.scala
2025.10.11 03:52:49 INFO  no build target found for /Users/jonathangallus/WebApps/blackjack-wa/blackjack/src/main/scala/controller/controllerComponent/ControllerInterface.scala. Using presentation compiler with project's scala-library version: 3.3.6
2025.10.11 03:52:49 INFO  no build target found for /Users/jonathangallus/WebApps/blackjack-wa/blackjack/src/main/scala/controller/controllerComponent/ControllerInterface.scala. Using presentation compiler with project's scala-library version: 3.3.6
2025.10.11 03:53:13 INFO  no build target found for /Users/jonathangallus/WebApps/blackjack-wa/blackjack/src/main/scala/controller/controllerComponent/ControllerInterface.scala. Using presentation compiler with project's scala-library version: 3.3.6
2025.10.11 03:53:13 INFO  no build target found for /Users/jonathangallus/WebApps/blackjack-wa/blackjack/src/main/scala/controller/controllerComponent/ControllerInterface.scala. Using presentation compiler with project's scala-library version: 3.3.6
2025.10.11 03:53:42 INFO  no build target found for /Users/jonathangallus/WebApps/blackjack-wa/blackjack/src/main/scala/controller/controllerComponent/ControllerInterface.scala. Using presentation compiler with project's scala-library version: 3.3.6
2025.10.11 03:53:43 WARN  no build target for: /Users/jonathangallus/WebApps/blackjack-wa/app/controllers/HomeController.scala
2025.10.11 03:53:43 INFO  no build target found for /Users/jonathangallus/WebApps/blackjack-wa/app/controllers/HomeController.scala. Using presentation compiler with project's scala-library version: 3.3.6
2025.10.11 03:53:42 INFO  no build target found for /Users/jonathangallus/WebApps/blackjack-wa/app/controllers/HomeController.scala. Using presentation compiler with project's scala-library version: 3.3.6
2025.10.11 03:54:01 WARN  no build target for: /Users/jonathangallus/WebApps/blackjack-wa/app/modules/modules.BlackjackModule.scala
2025.10.11 03:54:01 INFO  no build target found for /Users/jonathangallus/WebApps/blackjack-wa/app/modules/modules.BlackjackModule.scala. Using presentation compiler with project's scala-library version: 3.3.6
2025.10.11 03:54:02 INFO  no build target found for /Users/jonathangallus/WebApps/blackjack-wa/app/modules/modules.BlackjackModule.scala. Using presentation compiler with project's scala-library version: 3.3.6
2025.10.11 03:54:06 INFO  no build target found for /Users/jonathangallus/WebApps/blackjack-wa/app/modules/modules.BlackjackModule.scala. Using presentation compiler with project's scala-library version: 3.3.6
2025.10.11 03:54:42 WARN  no build target for: /Users/jonathangallus/WebApps/blackjack-wa/app/modules/modules.BlackjackModule.scala
2025.10.11 03:54:42 INFO  no build target found for /Users/jonathangallus/WebApps/blackjack-wa/app/modules/modules.BlackjackModule.scala. Using presentation compiler with project's scala-library version: 3.3.6
2025.10.11 03:54:44 WARN  no build target for: /Users/jonathangallus/WebApps/blackjack-wa/app/controllers/HomeController.scala
2025.10.11 03:54:44 INFO  no build target found for /Users/jonathangallus/WebApps/blackjack-wa/app/controllers/HomeController.scala. Using presentation compiler with project's scala-library version: 3.3.6
2025.10.11 03:54:45 INFO  no build target found for /Users/jonathangallus/WebApps/blackjack-wa/app/controllers/HomeController.scala. Using presentation compiler with project's scala-library version: 3.3.6
2025.10.11 03:54:49 INFO  no build target found for /Users/jonathangallus/WebApps/blackjack-wa/app/controllers/HomeController.scala. Using presentation compiler with project's scala-library version: 3.3.6
2025.10.11 03:55:54 INFO  no build target found for /Users/jonathangallus/WebApps/blackjack-wa/app/controllers/HomeController.scala. Using presentation compiler with project's scala-library version: 3.3.6
2025.10.11 03:55:54 INFO  no build target found for /Users/jonathangallus/WebApps/blackjack-wa/app/controllers/HomeController.scala. Using presentation compiler with project's scala-library version: 3.3.6
2025.10.11 03:55:56 INFO  no build target found for /Users/jonathangallus/WebApps/blackjack-wa/app/controllers/HomeController.scala. Using presentation compiler with project's scala-library version: 3.3.6
2025.10.11 03:55:57 INFO  no build target found for /Users/jonathangallus/WebApps/blackjack-wa/app/controllers/HomeController.scala. Using presentation compiler with project's scala-library version: 3.3.6
2025.10.11 03:55:57 INFO  no build target found for /Users/jonathangallus/WebApps/blackjack-wa/app/controllers/HomeController.scala. Using presentation compiler with project's scala-library version: 3.3.6
2025.10.11 03:55:57 INFO  no build target found for /Users/jonathangallus/WebApps/blackjack-wa/app/controllers/HomeController.scala. Using presentation compiler with project's scala-library version: 3.3.6
2025.10.11 03:55:58 INFO  no build target found for /Users/jonathangallus/WebApps/blackjack-wa/app/controllers/HomeController.scala. Using presentation compiler with project's scala-library version: 3.3.6
2025.10.11 03:55:58 INFO  no build target found for /Users/jonathangallus/WebApps/blackjack-wa/app/controllers/HomeController.scala. Using presentation compiler with project's scala-library version: 3.3.6
2025.10.11 03:56:01 INFO  no build target found for /Users/jonathangallus/WebApps/blackjack-wa/app/controllers/HomeController.scala. Using presentation compiler with project's scala-library version: 3.3.6
2025.10.11 03:56:02 INFO  no build target found for /Users/jonathangallus/WebApps/blackjack-wa/app/controllers/HomeController.scala. Using presentation compiler with project's scala-library version: 3.3.6
2025.10.11 03:56:03 INFO  no build target found for /Users/jonathangallus/WebApps/blackjack-wa/app/controllers/HomeController.scala. Using presentation compiler with project's scala-library version: 3.3.6
2025.10.11 03:56:02 INFO  no build target found for /Users/jonathangallus/WebApps/blackjack-wa/app/controllers/HomeController.scala. Using presentation compiler with project's scala-library version: 3.3.6
2025.10.11 03:56:03 INFO  no build target found for /Users/jonathangallus/WebApps/blackjack-wa/app/controllers/HomeController.scala. Using presentation compiler with project's scala-library version: 3.3.6
2025.10.11 03:56:02 INFO  no build target found for /Users/jonathangallus/WebApps/blackjack-wa/app/controllers/HomeController.scala. Using presentation compiler with project's scala-library version: 3.3.6
2025.10.11 03:56:04 INFO  no build target found for /Users/jonathangallus/WebApps/blackjack-wa/app/controllers/HomeController.scala. Using presentation compiler with project's scala-library version: 3.3.6
2025.10.11 03:56:05 INFO  no build target found for /Users/jonathangallus/WebApps/blackjack-wa/app/controllers/HomeController.scala. Using presentation compiler with project's scala-library version: 3.3.6
2025.10.11 03:56:29 INFO  no build target found for /Users/jonathangallus/WebApps/blackjack-wa/app/controllers/HomeController.scala. Using presentation compiler with project's scala-library version: 3.3.6
2025.10.11 03:56:32 INFO  no build target found for /Users/jonathangallus/WebApps/blackjack-wa/app/controllers/HomeController.scala. Using presentation compiler with project's scala-library version: 3.3.6
2025.10.11 03:56:33 INFO  no build target found for /Users/jonathangallus/WebApps/blackjack-wa/app/controllers/HomeController.scala. Using presentation compiler with project's scala-library version: 3.3.6
2025.10.11 03:56:32 INFO  no build target found for /Users/jonathangallus/WebApps/blackjack-wa/app/controllers/HomeController.scala. Using presentation compiler with project's scala-library version: 3.3.6
2025.10.11 03:56:33 INFO  no build target found for /Users/jonathangallus/WebApps/blackjack-wa/app/controllers/HomeController.scala. Using presentation compiler with project's scala-library version: 3.3.6
2025.10.11 03:56:34 INFO  no build target found for /Users/jonathangallus/WebApps/blackjack-wa/app/controllers/HomeController.scala. Using presentation compiler with project's scala-library version: 3.3.6
2025.10.11 03:56:34 INFO  no build target found for /Users/jonathangallus/WebApps/blackjack-wa/app/controllers/HomeController.scala. Using presentation compiler with project's scala-library version: 3.3.6
2025.10.11 03:56:40 INFO  no build target found for /Users/jonathangallus/WebApps/blackjack-wa/app/controllers/HomeController.scala. Using presentation compiler with project's scala-library version: 3.3.6
2025.10.11 03:56:46 INFO  no build target found for /Users/jonathangallus/WebApps/blackjack-wa/app/controllers/HomeController.scala. Using presentation compiler with project's scala-library version: 3.3.6
2025.10.11 03:56:46 INFO  no build target found for /Users/jonathangallus/WebApps/blackjack-wa/app/controllers/HomeController.scala. Using presentation compiler with project's scala-library version: 3.3.6
2025.10.11 03:56:46 INFO  no build target found for /Users/jonathangallus/WebApps/blackjack-wa/app/controllers/HomeController.scala. Using presentation compiler with project's scala-library version: 3.3.6
2025.10.11 03:56:47 INFO  no build target found for /Users/jonathangallus/WebApps/blackjack-wa/app/controllers/HomeController.scala. Using presentation compiler with project's scala-library version: 3.3.6
2025.10.11 03:56:47 INFO  no build target found for /Users/jonathangallus/WebApps/blackjack-wa/app/controllers/HomeController.scala. Using presentation compiler with project's scala-library version: 3.3.6
2025.10.11 03:56:47 INFO  no build target found for /Users/jonathangallus/WebApps/blackjack-wa/app/controllers/HomeController.scala. Using presentation compiler with project's scala-library version: 3.3.6
2025.10.11 03:56:48 INFO  no build target found for /Users/jonathangallus/WebApps/blackjack-wa/app/controllers/HomeController.scala. Using presentation compiler with project's scala-library version: 3.3.6
2025.10.11 03:56:48 INFO  no build target found for /Users/jonathangallus/WebApps/blackjack-wa/app/controllers/HomeController.scala. Using presentation compiler with project's scala-library version: 3.3.6
2025.10.11 03:56:48 INFO  no build target found for /Users/jonathangallus/WebApps/blackjack-wa/app/controllers/HomeController.scala. Using presentation compiler with project's scala-library version: 3.3.6
2025.10.11 03:56:50 INFO  no build target found for /Users/jonathangallus/WebApps/blackjack-wa/app/controllers/HomeController.scala. Using presentation compiler with project's scala-library version: 3.3.6
2025.10.11 03:56:50 INFO  no build target found for /Users/jonathangallus/WebApps/blackjack-wa/app/controllers/HomeController.scala. Using presentation compiler with project's scala-library version: 3.3.6
2025.10.11 03:56:50 INFO  no build target found for /Users/jonathangallus/WebApps/blackjack-wa/app/controllers/HomeController.scala. Using presentation compiler with project's scala-library version: 3.3.6
2025.10.11 03:56:51 INFO  no build target found for /Users/jonathangallus/WebApps/blackjack-wa/app/controllers/HomeController.scala. Using presentation compiler with project's scala-library version: 3.3.6
2025.10.11 03:56:51 INFO  no build target found for /Users/jonathangallus/WebApps/blackjack-wa/app/controllers/HomeController.scala. Using presentation compiler with project's scala-library version: 3.3.6
2025.10.11 03:56:51 INFO  no build target found for /Users/jonathangallus/WebApps/blackjack-wa/app/controllers/HomeController.scala. Using presentation compiler with project's scala-library version: 3.3.6
2025.10.11 03:56:52 INFO  no build target found for /Users/jonathangallus/WebApps/blackjack-wa/app/controllers/HomeController.scala. Using presentation compiler with project's scala-library version: 3.3.6
2025.10.11 03:56:52 INFO  no build target found for /Users/jonathangallus/WebApps/blackjack-wa/app/controllers/HomeController.scala. Using presentation compiler with project's scala-library version: 3.3.6
2025.10.11 03:56:53 INFO  no build target found for /Users/jonathangallus/WebApps/blackjack-wa/app/controllers/HomeController.scala. Using presentation compiler with project's scala-library version: 3.3.6
2025.10.11 03:56:54 INFO  no build target found for /Users/jonathangallus/WebApps/blackjack-wa/app/controllers/HomeController.scala. Using presentation compiler with project's scala-library version: 3.3.6
2025.10.11 03:56:54 INFO  no build target found for /Users/jonathangallus/WebApps/blackjack-wa/app/controllers/HomeController.scala. Using presentation compiler with project's scala-library version: 3.3.6
2025.10.11 03:56:54 INFO  no build target found for /Users/jonathangallus/WebApps/blackjack-wa/app/controllers/HomeController.scala. Using presentation compiler with project's scala-library version: 3.3.6
2025.10.11 03:56:56 INFO  no build target found for /Users/jonathangallus/WebApps/blackjack-wa/app/controllers/HomeController.scala. Using presentation compiler with project's scala-library version: 3.3.6
2025.10.11 03:56:56 INFO  no build target found for /Users/jonathangallus/WebApps/blackjack-wa/app/controllers/HomeController.scala. Using presentation compiler with project's scala-library version: 3.3.6
2025.10.11 03:56:56 INFO  no build target found for /Users/jonathangallus/WebApps/blackjack-wa/app/controllers/HomeController.scala. Using presentation compiler with project's scala-library version: 3.3.6
2025.10.11 03:56:57 INFO  no build target found for /Users/jonathangallus/WebApps/blackjack-wa/app/controllers/HomeController.scala. Using presentation compiler with project's scala-library version: 3.3.6
2025.10.11 03:56:57 INFO  no build target found for /Users/jonathangallus/WebApps/blackjack-wa/app/controllers/HomeController.scala. Using presentation compiler with project's scala-library version: 3.3.6
2025.10.11 03:56:58 INFO  no build target found for /Users/jonathangallus/WebApps/blackjack-wa/app/controllers/HomeController.scala. Using presentation compiler with project's scala-library version: 3.3.6
2025.10.11 03:56:59 INFO  no build target found for /Users/jonathangallus/WebApps/blackjack-wa/app/controllers/HomeController.scala. Using presentation compiler with project's scala-library version: 3.3.6
2025.10.11 03:56:59 INFO  no build target found for /Users/jonathangallus/WebApps/blackjack-wa/app/controllers/HomeController.scala. Using presentation compiler with project's scala-library version: 3.3.6
2025.10.11 03:56:59 INFO  no build target found for /Users/jonathangallus/WebApps/blackjack-wa/app/controllers/HomeController.scala. Using presentation compiler with project's scala-library version: 3.3.6
2025.10.11 03:57:00 INFO  no build target found for /Users/jonathangallus/WebApps/blackjack-wa/app/controllers/HomeController.scala. Using presentation compiler with project's scala-library version: 3.3.6
2025.10.11 03:57:00 INFO  no build target found for /Users/jonathangallus/WebApps/blackjack-wa/app/controllers/HomeController.scala. Using presentation compiler with project's scala-library version: 3.3.6
2025.10.11 03:57:00 INFO  no build target found for /Users/jonathangallus/WebApps/blackjack-wa/app/controllers/HomeController.scala. Using presentation compiler with project's scala-library version: 3.3.6
2025.10.11 03:57:01 INFO  no build target found for /Users/jonathangallus/WebApps/blackjack-wa/app/controllers/HomeController.scala. Using presentation compiler with project's scala-library version: 3.3.6
2025.10.11 03:57:01 INFO  no build target found for /Users/jonathangallus/WebApps/blackjack-wa/app/controllers/HomeController.scala. Using presentation compiler with project's scala-library version: 3.3.6
2025.10.11 03:57:01 INFO  no build target found for /Users/jonathangallus/WebApps/blackjack-wa/app/controllers/HomeController.scala. Using presentation compiler with project's scala-library version: 3.3.6
2025.10.11 03:57:05 WARN  no build target for: /Users/jonathangallus/WebApps/blackjack-wa/app/controllers/HomeController.scala
2025.10.11 03:57:05 INFO  no build target found for /Users/jonathangallus/WebApps/blackjack-wa/app/controllers/HomeController.scala. Using presentation compiler with project's scala-library version: 3.3.6
2025.10.11 03:57:05 INFO  no build target found for /Users/jonathangallus/WebApps/blackjack-wa/app/controllers/HomeController.scala. Using presentation compiler with project's scala-library version: 3.3.6
2025.10.11 03:57:06 INFO  no build target found for /Users/jonathangallus/WebApps/blackjack-wa/app/controllers/HomeController.scala. Using presentation compiler with project's scala-library version: 3.3.6
2025.10.11 03:57:26 INFO  no build target found for /Users/jonathangallus/WebApps/blackjack-wa/app/controllers/HomeController.scala. Using presentation compiler with project's scala-library version: 3.3.6
2025.10.11 03:57:35 WARN  no build target for: /Users/jonathangallus/WebApps/blackjack-wa/app/modules/modules.BlackjackModule.scala
2025.10.11 03:57:35 INFO  no build target found for /Users/jonathangallus/WebApps/blackjack-wa/app/modules/modules.BlackjackModule.scala. Using presentation compiler with project's scala-library version: 3.3.6
2025.10.11 03:57:37 WARN  no build target for: /Users/jonathangallus/WebApps/blackjack-wa/app/controllers/HomeController.scala
2025.10.11 03:57:37 INFO  no build target found for /Users/jonathangallus/WebApps/blackjack-wa/app/controllers/HomeController.scala. Using presentation compiler with project's scala-library version: 3.3.6
2025.10.11 03:57:37 INFO  no build target found for /Users/jonathangallus/WebApps/blackjack-wa/app/controllers/HomeController.scala. Using presentation compiler with project's scala-library version: 3.3.6
2025.10.11 03:57:46 INFO  no build target found for /Users/jonathangallus/WebApps/blackjack-wa/blackjack/src/main/scala/controller/controllerComponent/ControllerInterface.scala. Using presentation compiler with project's scala-library version: 3.3.6
2025.10.11 03:57:48 WARN  no build target for: /Users/jonathangallus/WebApps/blackjack-wa/app/modules/modules.BlackjackModule.scala
2025.10.11 03:57:49 INFO  no build target found for /Users/jonathangallus/WebApps/blackjack-wa/app/modules/modules.BlackjackModule.scala. Using presentation compiler with project's scala-library version: 3.3.6
2025.10.11 03:57:50 WARN  no build target for: /Users/jonathangallus/WebApps/blackjack-wa/app/controllers/HomeController.scala
2025.10.11 03:57:50 INFO  no build target found for /Users/jonathangallus/WebApps/blackjack-wa/app/controllers/HomeController.scala. Using presentation compiler with project's scala-library version: 3.3.6
2025.10.11 03:57:50 INFO  no build target found for /Users/jonathangallus/WebApps/blackjack-wa/app/controllers/HomeController.scala. Using presentation compiler with project's scala-library version: 3.3.6
2025.10.11 03:57:53 INFO  no build target found for /Users/jonathangallus/WebApps/blackjack-wa/app/controllers/HomeController.scala. Using presentation compiler with project's scala-library version: 3.3.6
2025.10.11 03:57:53 INFO  no build target found for /Users/jonathangallus/WebApps/blackjack-wa/app/controllers/HomeController.scala. Using presentation compiler with project's scala-library version: 3.3.6
2025.10.11 03:57:53 INFO  no build target found for /Users/jonathangallus/WebApps/blackjack-wa/app/controllers/HomeController.scala. Using presentation compiler with project's scala-library version: 3.3.6
2025.10.11 03:57:54 INFO  no build target found for /Users/jonathangallus/WebApps/blackjack-wa/app/controllers/HomeController.scala. Using presentation compiler with project's scala-library version: 3.3.6
2025.10.11 03:57:54 INFO  no build target found for /Users/jonathangallus/WebApps/blackjack-wa/app/controllers/HomeController.scala. Using presentation compiler with project's scala-library version: 3.3.6
2025.10.11 03:57:56 INFO  no build target found for /Users/jonathangallus/WebApps/blackjack-wa/app/controllers/HomeController.scala. Using presentation compiler with project's scala-library version: 3.3.6
2025.10.11 03:57:56 INFO  no build target found for /Users/jonathangallus/WebApps/blackjack-wa/app/controllers/HomeController.scala. Using presentation compiler with project's scala-library version: 3.3.6
2025.10.11 03:57:57 INFO  no build target found for /Users/jonathangallus/WebApps/blackjack-wa/app/controllers/HomeController.scala. Using presentation compiler with project's scala-library version: 3.3.6
2025.10.11 03:57:59 INFO  no build target found for /Users/jonathangallus/WebApps/blackjack-wa/app/controllers/HomeController.scala. Using presentation compiler with project's scala-library version: 3.3.6
2025.10.11 03:57:59 INFO  no build target found for /Users/jonathangallus/WebApps/blackjack-wa/app/controllers/HomeController.scala. Using presentation compiler with project's scala-library version: 3.3.6
2025.10.11 03:57:59 INFO  no build target found for /Users/jonathangallus/WebApps/blackjack-wa/app/controllers/HomeController.scala. Using presentation compiler with project's scala-library version: 3.3.6
2025.10.11 03:57:59 INFO  no build target found for /Users/jonathangallus/WebApps/blackjack-wa/app/controllers/HomeController.scala. Using presentation compiler with project's scala-library version: 3.3.6
2025.10.11 03:58:00 INFO  no build target found for /Users/jonathangallus/WebApps/blackjack-wa/app/controllers/HomeController.scala. Using presentation compiler with project's scala-library version: 3.3.6
2025.10.11 03:57:59 INFO  no build target found for /Users/jonathangallus/WebApps/blackjack-wa/app/controllers/HomeController.scala. Using presentation compiler with project's scala-library version: 3.3.6
2025.10.11 03:57:59 INFO  no build target found for /Users/jonathangallus/WebApps/blackjack-wa/app/controllers/HomeController.scala. Using presentation compiler with project's scala-library version: 3.3.6
2025.10.11 03:58:00 INFO  no build target found for /Users/jonathangallus/WebApps/blackjack-wa/app/controllers/HomeController.scala. Using presentation compiler with project's scala-library version: 3.3.6
2025.10.11 03:58:01 INFO  no build target found for /Users/jonathangallus/WebApps/blackjack-wa/app/controllers/HomeController.scala. Using presentation compiler with project's scala-library version: 3.3.6
2025.10.11 03:58:01 INFO  no build target found for /Users/jonathangallus/WebApps/blackjack-wa/app/controllers/HomeController.scala. Using presentation compiler with project's scala-library version: 3.3.6
2025.10.11 03:58:02 INFO  no build target found for /Users/jonathangallus/WebApps/blackjack-wa/app/controllers/HomeController.scala. Using presentation compiler with project's scala-library version: 3.3.6
2025.10.11 03:58:02 INFO  no build target found for /Users/jonathangallus/WebApps/blackjack-wa/app/controllers/HomeController.scala. Using presentation compiler with project's scala-library version: 3.3.6
2025.10.11 03:58:11 INFO  no build target found for /Users/jonathangallus/WebApps/blackjack-wa/app/controllers/HomeController.scala. Using presentation compiler with project's scala-library version: 3.3.6
2025.10.11 03:58:11 INFO  no build target found for /Users/jonathangallus/WebApps/blackjack-wa/app/controllers/HomeController.scala. Using presentation compiler with project's scala-library version: 3.3.6
2025.10.11 03:58:11 INFO  no build target found for /Users/jonathangallus/WebApps/blackjack-wa/app/controllers/HomeController.scala. Using presentation compiler with project's scala-library version: 3.3.6
2025.10.11 03:58:16 INFO  no build target found for /Users/jonathangallus/WebApps/blackjack-wa/app/controllers/HomeController.scala. Using presentation compiler with project's scala-library version: 3.3.6
2025.10.11 03:58:16 INFO  no build target found for /Users/jonathangallus/WebApps/blackjack-wa/app/controllers/HomeController.scala. Using presentation compiler with project's scala-library version: 3.3.6
2025.10.11 03:58:16 INFO  no build target found for /Users/jonathangallus/WebApps/blackjack-wa/app/controllers/HomeController.scala. Using presentation compiler with project's scala-library version: 3.3.6
Exception in thread "pool-157-thread-1" java.lang.InterruptedException
	at scala.meta.internal.metals.FutureCancelToken.checkCanceled(FutureCancelToken.scala:29)
	at scala.meta.internal.pc.CompilerAccess.onCompilerJobQueue$$anonfun$1(CompilerAccess.scala:244)
	at scala.meta.internal.pc.CompilerJobQueue$Job.run(CompilerJobQueue.scala:153)
	at java.base/java.util.concurrent.ThreadPoolExecutor.runWorker(ThreadPoolExecutor.java:1136)
	at java.base/java.util.concurrent.ThreadPoolExecutor$Worker.run(ThreadPoolExecutor.java:635)
	at java.base/java.lang.Thread.run(Thread.java:840)
2025.10.11 03:59:55 WARN  no build target for: /Users/jonathangallus/WebApps/blackjack-wa/app/controllers/HomeController.scala
2025.10.11 03:59:55 INFO  no build target found for /Users/jonathangallus/WebApps/blackjack-wa/app/controllers/HomeController.scala. Using presentation compiler with project's scala-library version: 3.3.6
2025.10.11 03:59:57 INFO  no build target found for /Users/jonathangallus/WebApps/blackjack-wa/app/controllers/HomeController.scala. Using presentation compiler with project's scala-library version: 3.3.6
2025.10.11 03:59:59 INFO  no build target found for /Users/jonathangallus/WebApps/blackjack-wa/app/controllers/HomeController.scala. Using presentation compiler with project's scala-library version: 3.3.6
2025.10.11 03:59:59 INFO  no build target found for /Users/jonathangallus/WebApps/blackjack-wa/app/controllers/HomeController.scala. Using presentation compiler with project's scala-library version: 3.3.6
2025.10.11 04:00:00 INFO  no build target found for /Users/jonathangallus/WebApps/blackjack-wa/app/controllers/HomeController.scala. Using presentation compiler with project's scala-library version: 3.3.6
2025.10.11 04:00:03 INFO  no build target found for /Users/jonathangallus/WebApps/blackjack-wa/app/controllers/HomeController.scala. Using presentation compiler with project's scala-library version: 3.3.6
2025.10.11 04:00:06 INFO  no build target found for /Users/jonathangallus/WebApps/blackjack-wa/app/controllers/HomeController.scala. Using presentation compiler with project's scala-library version: 3.3.6
2025.10.11 04:00:09 INFO  no build target found for /Users/jonathangallus/WebApps/blackjack-wa/app/controllers/HomeController.scala. Using presentation compiler with project's scala-library version: 3.3.6
2025.10.11 04:00:13 INFO  no build target found for /Users/jonathangallus/WebApps/blackjack-wa/app/controllers/HomeController.scala. Using presentation compiler with project's scala-library version: 3.3.6
2025.10.11 04:00:13 INFO  no build target found for /Users/jonathangallus/WebApps/blackjack-wa/app/controllers/HomeController.scala. Using presentation compiler with project's scala-library version: 3.3.6
2025.10.11 04:00:13 INFO  no build target found for /Users/jonathangallus/WebApps/blackjack-wa/app/controllers/HomeController.scala. Using presentation compiler with project's scala-library version: 3.3.6
2025.10.11 04:00:13 INFO  no build target found for /Users/jonathangallus/WebApps/blackjack-wa/app/controllers/HomeController.scala. Using presentation compiler with project's scala-library version: 3.3.6
2025.10.11 04:00:14 INFO  no build target found for /Users/jonathangallus/WebApps/blackjack-wa/app/controllers/HomeController.scala. Using presentation compiler with project's scala-library version: 3.3.6
2025.10.11 04:00:13 INFO  no build target found for /Users/jonathangallus/WebApps/blackjack-wa/app/controllers/HomeController.scala. Using presentation compiler with project's scala-library version: 3.3.6
2025.10.11 04:00:13 INFO  no build target found for /Users/jonathangallus/WebApps/blackjack-wa/app/controllers/HomeController.scala. Using presentation compiler with project's scala-library version: 3.3.6
2025.10.11 04:00:13 INFO  no build target found for /Users/jonathangallus/WebApps/blackjack-wa/app/controllers/HomeController.scala. Using presentation compiler with project's scala-library version: 3.3.6
2025.10.11 04:00:14 INFO  no build target found for /Users/jonathangallus/WebApps/blackjack-wa/app/controllers/HomeController.scala. Using presentation compiler with project's scala-library version: 3.3.6
2025.10.11 04:00:14 INFO  no build target found for /Users/jonathangallus/WebApps/blackjack-wa/app/controllers/HomeController.scala. Using presentation compiler with project's scala-library version: 3.3.6
2025.10.11 04:00:14 INFO  no build target found for /Users/jonathangallus/WebApps/blackjack-wa/app/controllers/HomeController.scala. Using presentation compiler with project's scala-library version: 3.3.6
2025.10.11 04:00:14 INFO  no build target found for /Users/jonathangallus/WebApps/blackjack-wa/app/controllers/HomeController.scala. Using presentation compiler with project's scala-library version: 3.3.6
2025.10.11 04:00:14 INFO  no build target found for /Users/jonathangallus/WebApps/blackjack-wa/app/controllers/HomeController.scala. Using presentation compiler with project's scala-library version: 3.3.6
2025.10.11 04:00:15 INFO  no build target found for /Users/jonathangallus/WebApps/blackjack-wa/app/controllers/HomeController.scala. Using presentation compiler with project's scala-library version: 3.3.6
2025.10.11 04:00:14 INFO  no build target found for /Users/jonathangallus/WebApps/blackjack-wa/app/controllers/HomeController.scala. Using presentation compiler with project's scala-library version: 3.3.6
2025.10.11 04:00:14 INFO  no build target found for /Users/jonathangallus/WebApps/blackjack-wa/app/controllers/HomeController.scala. Using presentation compiler with project's scala-library version: 3.3.6
2025.10.11 04:00:14 INFO  no build target found for /Users/jonathangallus/WebApps/blackjack-wa/app/controllers/HomeController.scala. Using presentation compiler with project's scala-library version: 3.3.6
2025.10.11 04:00:14 INFO  no build target found for /Users/jonathangallus/WebApps/blackjack-wa/app/controllers/HomeController.scala. Using presentation compiler with project's scala-library version: 3.3.6
2025.10.11 04:00:15 INFO  no build target found for /Users/jonathangallus/WebApps/blackjack-wa/app/controllers/HomeController.scala. Using presentation compiler with project's scala-library version: 3.3.6
2025.10.11 04:00:14 INFO  no build target found for /Users/jonathangallus/WebApps/blackjack-wa/app/controllers/HomeController.scala. Using presentation compiler with project's scala-library version: 3.3.6
2025.10.11 04:00:14 INFO  no build target found for /Users/jonathangallus/WebApps/blackjack-wa/app/controllers/HomeController.scala. Using presentation compiler with project's scala-library version: 3.3.6
2025.10.11 04:00:15 INFO  no build target found for /Users/jonathangallus/WebApps/blackjack-wa/app/controllers/HomeController.scala. Using presentation compiler with project's scala-library version: 3.3.6
2025.10.11 04:00:17 INFO  no build target found for /Users/jonathangallus/WebApps/blackjack-wa/app/controllers/HomeController.scala. Using presentation compiler with project's scala-library version: 3.3.6
2025.10.11 04:00:17 INFO  no build target found for /Users/jonathangallus/WebApps/blackjack-wa/app/controllers/HomeController.scala. Using presentation compiler with project's scala-library version: 3.3.6
2025.10.11 04:00:18 INFO  no build target found for /Users/jonathangallus/WebApps/blackjack-wa/app/controllers/HomeController.scala. Using presentation compiler with project's scala-library version: 3.3.6
2025.10.11 04:00:18 INFO  no build target found for /Users/jonathangallus/WebApps/blackjack-wa/app/controllers/HomeController.scala. Using presentation compiler with project's scala-library version: 3.3.6
2025.10.11 04:00:18 INFO  no build target found for /Users/jonathangallus/WebApps/blackjack-wa/app/controllers/HomeController.scala. Using presentation compiler with project's scala-library version: 3.3.6
2025.10.11 04:00:19 INFO  no build target found for /Users/jonathangallus/WebApps/blackjack-wa/app/controllers/HomeController.scala. Using presentation compiler with project's scala-library version: 3.3.6
2025.10.11 04:00:19 INFO  no build target found for /Users/jonathangallus/WebApps/blackjack-wa/app/controllers/HomeController.scala. Using presentation compiler with project's scala-library version: 3.3.6
2025.10.11 04:00:19 INFO  no build target found for /Users/jonathangallus/WebApps/blackjack-wa/app/controllers/HomeController.scala. Using presentation compiler with project's scala-library version: 3.3.6
2025.10.11 04:00:19 INFO  no build target found for /Users/jonathangallus/WebApps/blackjack-wa/app/controllers/HomeController.scala. Using presentation compiler with project's scala-library version: 3.3.6
2025.10.11 04:00:19 INFO  no build target found for /Users/jonathangallus/WebApps/blackjack-wa/app/controllers/HomeController.scala. Using presentation compiler with project's scala-library version: 3.3.6
2025.10.11 04:00:19 INFO  no build target found for /Users/jonathangallus/WebApps/blackjack-wa/app/controllers/HomeController.scala. Using presentation compiler with project's scala-library version: 3.3.6
2025.10.11 04:00:19 INFO  no build target found for /Users/jonathangallus/WebApps/blackjack-wa/app/controllers/HomeController.scala. Using presentation compiler with project's scala-library version: 3.3.6
2025.10.11 04:00:19 INFO  no build target found for /Users/jonathangallus/WebApps/blackjack-wa/app/controllers/HomeController.scala. Using presentation compiler with project's scala-library version: 3.3.6
2025.10.11 04:00:19 INFO  no build target found for /Users/jonathangallus/WebApps/blackjack-wa/app/controllers/HomeController.scala. Using presentation compiler with project's scala-library version: 3.3.6
2025.10.11 04:00:20 INFO  no build target found for /Users/jonathangallus/WebApps/blackjack-wa/app/controllers/HomeController.scala. Using presentation compiler with project's scala-library version: 3.3.6
2025.10.11 04:00:19 INFO  no build target found for /Users/jonathangallus/WebApps/blackjack-wa/app/controllers/HomeController.scala. Using presentation compiler with project's scala-library version: 3.3.6
2025.10.11 04:00:19 INFO  no build target found for /Users/jonathangallus/WebApps/blackjack-wa/app/controllers/HomeController.scala. Using presentation compiler with project's scala-library version: 3.3.6
2025.10.11 04:00:20 INFO  no build target found for /Users/jonathangallus/WebApps/blackjack-wa/app/controllers/HomeController.scala. Using presentation compiler with project's scala-library version: 3.3.6
2025.10.11 04:00:20 INFO  no build target found for /Users/jonathangallus/WebApps/blackjack-wa/app/controllers/HomeController.scala. Using presentation compiler with project's scala-library version: 3.3.6
2025.10.11 04:00:20 INFO  no build target found for /Users/jonathangallus/WebApps/blackjack-wa/app/controllers/HomeController.scala. Using presentation compiler with project's scala-library version: 3.3.6
2025.10.11 04:00:20 INFO  no build target found for /Users/jonathangallus/WebApps/blackjack-wa/app/controllers/HomeController.scala. Using presentation compiler with project's scala-library version: 3.3.6
2025.10.11 04:00:20 INFO  no build target found for /Users/jonathangallus/WebApps/blackjack-wa/app/controllers/HomeController.scala. Using presentation compiler with project's scala-library version: 3.3.6
2025.10.11 04:00:21 INFO  no build target found for /Users/jonathangallus/WebApps/blackjack-wa/app/controllers/HomeController.scala. Using presentation compiler with project's scala-library version: 3.3.6
2025.10.11 04:00:22 INFO  no build target found for /Users/jonathangallus/WebApps/blackjack-wa/app/controllers/HomeController.scala. Using presentation compiler with project's scala-library version: 3.3.6
2025.10.11 04:00:24 INFO  no build target found for /Users/jonathangallus/WebApps/blackjack-wa/app/controllers/HomeController.scala. Using presentation compiler with project's scala-library version: 3.3.6
2025.10.11 04:00:24 INFO  no build target found for /Users/jonathangallus/WebApps/blackjack-wa/app/controllers/HomeController.scala. Using presentation compiler with project's scala-library version: 3.3.6
2025.10.11 04:00:26 INFO  no build target found for /Users/jonathangallus/WebApps/blackjack-wa/app/controllers/HomeController.scala. Using presentation compiler with project's scala-library version: 3.3.6
2025.10.11 04:00:26 WARN  no build target for: /Users/jonathangallus/WebApps/blackjack-wa/app/controllers/HomeController.scala
2025.10.11 04:00:26 INFO  no build target found for /Users/jonathangallus/WebApps/blackjack-wa/app/controllers/HomeController.scala. Using presentation compiler with project's scala-library version: 3.3.6
2025.10.11 04:00:27 INFO  no build target found for /Users/jonathangallus/WebApps/blackjack-wa/app/controllers/HomeController.scala. Using presentation compiler with project's scala-library version: 3.3.6
2025.10.11 04:00:33 INFO  no build target found for /Users/jonathangallus/WebApps/blackjack-wa/app/controllers/HomeController.scala. Using presentation compiler with project's scala-library version: 3.3.6
2025.10.11 04:00:33 INFO  no build target found for /Users/jonathangallus/WebApps/blackjack-wa/app/controllers/HomeController.scala. Using presentation compiler with project's scala-library version: 3.3.6
2025.10.11 04:00:33 INFO  no build target found for /Users/jonathangallus/WebApps/blackjack-wa/app/controllers/HomeController.scala. Using presentation compiler with project's scala-library version: 3.3.6
2025.10.11 04:00:36 INFO  no build target found for /Users/jonathangallus/WebApps/blackjack-wa/app/controllers/HomeController.scala. Using presentation compiler with project's scala-library version: 3.3.6
2025.10.11 04:00:36 INFO  no build target found for /Users/jonathangallus/WebApps/blackjack-wa/app/controllers/HomeController.scala. Using presentation compiler with project's scala-library version: 3.3.6
2025.10.11 04:00:36 INFO  no build target found for /Users/jonathangallus/WebApps/blackjack-wa/app/controllers/HomeController.scala. Using presentation compiler with project's scala-library version: 3.3.6
2025.10.11 04:00:39 INFO  no build target found for /Users/jonathangallus/WebApps/blackjack-wa/app/controllers/HomeController.scala. Using presentation compiler with project's scala-library version: 3.3.6
2025.10.11 04:00:42 INFO  no build target found for /Users/jonathangallus/WebApps/blackjack-wa/app/controllers/HomeController.scala. Using presentation compiler with project's scala-library version: 3.3.6
2025.10.11 04:00:42 INFO  no build target found for /Users/jonathangallus/WebApps/blackjack-wa/app/controllers/HomeController.scala. Using presentation compiler with project's scala-library version: 3.3.6
2025.10.11 04:00:43 INFO  no build target found for /Users/jonathangallus/WebApps/blackjack-wa/app/controllers/HomeController.scala. Using presentation compiler with project's scala-library version: 3.3.6
2025.10.11 04:00:43 INFO  no build target found for /Users/jonathangallus/WebApps/blackjack-wa/app/controllers/HomeController.scala. Using presentation compiler with project's scala-library version: 3.3.6
2025.10.11 04:00:46 INFO  no build target found for /Users/jonathangallus/WebApps/blackjack-wa/app/controllers/HomeController.scala. Using presentation compiler with project's scala-library version: 3.3.6
2025.10.11 04:00:46 INFO  no build target found for /Users/jonathangallus/WebApps/blackjack-wa/app/controllers/HomeController.scala. Using presentation compiler with project's scala-library version: 3.3.6
2025.10.11 04:00:46 INFO  no build target found for /Users/jonathangallus/WebApps/blackjack-wa/app/controllers/HomeController.scala. Using presentation compiler with project's scala-library version: 3.3.6
2025.10.11 04:00:52 INFO  no build target found for /Users/jonathangallus/WebApps/blackjack-wa/app/controllers/HomeController.scala. Using presentation compiler with project's scala-library version: 3.3.6
2025.10.11 04:00:53 INFO  no build target found for /Users/jonathangallus/WebApps/blackjack-wa/app/controllers/HomeController.scala. Using presentation compiler with project's scala-library version: 3.3.6
2025.10.11 04:00:58 INFO  no build target found for /Users/jonathangallus/WebApps/blackjack-wa/app/controllers/HomeController.scala. Using presentation compiler with project's scala-library version: 3.3.6
2025.10.11 04:00:58 INFO  no build target found for /Users/jonathangallus/WebApps/blackjack-wa/app/controllers/HomeController.scala. Using presentation compiler with project's scala-library version: 3.3.6
2025.10.11 04:01:06 INFO  no build target found for /Users/jonathangallus/WebApps/blackjack-wa/app/controllers/HomeController.scala. Using presentation compiler with project's scala-library version: 3.3.6
2025.10.11 04:01:06 INFO  no build target found for /Users/jonathangallus/WebApps/blackjack-wa/app/controllers/HomeController.scala. Using presentation compiler with project's scala-library version: 3.3.6
2025.10.11 04:01:06 INFO  no build target found for /Users/jonathangallus/WebApps/blackjack-wa/app/controllers/HomeController.scala. Using presentation compiler with project's scala-library version: 3.3.6
2025.10.11 04:01:06 INFO  no build target found for /Users/jonathangallus/WebApps/blackjack-wa/app/controllers/HomeController.scala. Using presentation compiler with project's scala-library version: 3.3.6
2025.10.11 04:01:09 INFO  no build target found for /Users/jonathangallus/WebApps/blackjack-wa/app/controllers/HomeController.scala. Using presentation compiler with project's scala-library version: 3.3.6
2025.10.11 04:01:09 INFO  no build target found for /Users/jonathangallus/WebApps/blackjack-wa/app/controllers/HomeController.scala. Using presentation compiler with project's scala-library version: 3.3.6
2025.10.11 04:01:10 INFO  no build target found for /Users/jonathangallus/WebApps/blackjack-wa/app/controllers/HomeController.scala. Using presentation compiler with project's scala-library version: 3.3.6
2025.10.11 04:01:10 INFO  empty definition using pc, found symbol in pc: `<none>`. (full report at: "/Users/jonathangallus/WebApps/blackjack-wa/.metals/.reports/metals-full/2025-10-11/r_empty-definition_03-22-27-245.md")
2025.10.11 04:01:11 INFO  no build target found for /Users/jonathangallus/WebApps/blackjack-wa/app/controllers/HomeController.scala. Using presentation compiler with project's scala-library version: 3.3.6
2025.10.11 04:01:17 INFO  no build target found for /Users/jonathangallus/WebApps/blackjack-wa/app/controllers/HomeController.scala. Using presentation compiler with project's scala-library version: 3.3.6
2025.10.11 04:01:17 INFO  no build target found for /Users/jonathangallus/WebApps/blackjack-wa/app/controllers/HomeController.scala. Using presentation compiler with project's scala-library version: 3.3.6
2025.10.11 04:01:26 WARN  no build target for: /Users/jonathangallus/WebApps/blackjack-wa/app/controllers/HomeController.scala
2025.10.11 04:01:26 INFO  no build target found for /Users/jonathangallus/WebApps/blackjack-wa/app/controllers/HomeController.scala. Using presentation compiler with project's scala-library version: 3.3.6
2025.10.11 04:01:26 INFO  no build target found for /Users/jonathangallus/WebApps/blackjack-wa/app/controllers/HomeController.scala. Using presentation compiler with project's scala-library version: 3.3.6
2025.10.11 04:01:35 INFO  no build target found for /Users/jonathangallus/WebApps/blackjack-wa/app/controllers/HomeController.scala. Using presentation compiler with project's scala-library version: 3.3.6
2025.10.11 04:01:35 INFO  no build target found for /Users/jonathangallus/WebApps/blackjack-wa/app/controllers/HomeController.scala. Using presentation compiler with project's scala-library version: 3.3.6
2025.10.11 04:01:35 INFO  no build target found for /Users/jonathangallus/WebApps/blackjack-wa/app/controllers/HomeController.scala. Using presentation compiler with project's scala-library version: 3.3.6
2025.10.11 04:01:35 INFO  no build target found for /Users/jonathangallus/WebApps/blackjack-wa/app/controllers/HomeController.scala. Using presentation compiler with project's scala-library version: 3.3.6
2025.10.11 04:01:35 INFO  no build target found for /Users/jonathangallus/WebApps/blackjack-wa/app/controllers/HomeController.scala. Using presentation compiler with project's scala-library version: 3.3.6
2025.10.11 04:01:37 INFO  no build target found for /Users/jonathangallus/WebApps/blackjack-wa/app/controllers/HomeController.scala. Using presentation compiler with project's scala-library version: 3.3.6
2025.10.11 04:01:37 WARN  no build target for: /Users/jonathangallus/WebApps/blackjack-wa/app/controllers/HomeController.scala
2025.10.11 04:01:37 INFO  no build target found for /Users/jonathangallus/WebApps/blackjack-wa/app/controllers/HomeController.scala. Using presentation compiler with project's scala-library version: 3.3.6
2025.10.11 04:01:38 INFO  no build target found for /Users/jonathangallus/WebApps/blackjack-wa/app/controllers/HomeController.scala. Using presentation compiler with project's scala-library version: 3.3.6
2025.10.11 04:01:47 INFO  no build target found for /Users/jonathangallus/WebApps/blackjack-wa/app/controllers/HomeController.scala. Using presentation compiler with project's scala-library version: 3.3.6
2025.10.11 04:01:50 INFO  no build target found for /Users/jonathangallus/WebApps/blackjack-wa/app/controllers/HomeController.scala. Using presentation compiler with project's scala-library version: 3.3.6
2025.10.11 04:02:54 INFO  no build target found for /Users/jonathangallus/WebApps/blackjack-wa/app/controllers/HomeController.scala. Using presentation compiler with project's scala-library version: 3.3.6
2025.10.11 04:02:57 INFO  no build target found for /Users/jonathangallus/WebApps/blackjack-wa/app/controllers/HomeController.scala. Using presentation compiler with project's scala-library version: 3.3.6
2025.10.11 04:02:57 INFO  no build target found for /Users/jonathangallus/WebApps/blackjack-wa/app/controllers/HomeController.scala. Using presentation compiler with project's scala-library version: 3.3.6
2025.10.11 04:02:57 INFO  no build target found for /Users/jonathangallus/WebApps/blackjack-wa/app/controllers/HomeController.scala. Using presentation compiler with project's scala-library version: 3.3.6
2025.10.11 04:02:58 INFO  no build target found for /Users/jonathangallus/WebApps/blackjack-wa/app/controllers/HomeController.scala. Using presentation compiler with project's scala-library version: 3.3.6
2025.10.11 04:02:58 INFO  no build target found for /Users/jonathangallus/WebApps/blackjack-wa/app/controllers/HomeController.scala. Using presentation compiler with project's scala-library version: 3.3.6
2025.10.11 04:02:59 INFO  no build target found for /Users/jonathangallus/WebApps/blackjack-wa/app/controllers/HomeController.scala. Using presentation compiler with project's scala-library version: 3.3.6
2025.10.11 04:03:02 INFO  no build target found for /Users/jonathangallus/WebApps/blackjack-wa/app/controllers/HomeController.scala. Using presentation compiler with project's scala-library version: 3.3.6
2025.10.11 04:03:02 INFO  no build target found for /Users/jonathangallus/WebApps/blackjack-wa/app/controllers/HomeController.scala. Using presentation compiler with project's scala-library version: 3.3.6
2025.10.11 04:03:06 INFO  no build target found for /Users/jonathangallus/WebApps/blackjack-wa/app/controllers/HomeController.scala. Using presentation compiler with project's scala-library version: 3.3.6
2025.10.11 04:03:06 INFO  no build target found for /Users/jonathangallus/WebApps/blackjack-wa/app/controllers/HomeController.scala. Using presentation compiler with project's scala-library version: 3.3.6
2025.10.11 04:03:06 INFO  no build target found for /Users/jonathangallus/WebApps/blackjack-wa/app/controllers/HomeController.scala. Using presentation compiler with project's scala-library version: 3.3.6
2025.10.11 04:03:06 INFO  no build target found for /Users/jonathangallus/WebApps/blackjack-wa/app/controllers/HomeController.scala. Using presentation compiler with project's scala-library version: 3.3.6
2025.10.11 04:03:06 INFO  no build target found for /Users/jonathangallus/WebApps/blackjack-wa/app/controllers/HomeController.scala. Using presentation compiler with project's scala-library version: 3.3.6
2025.10.11 04:03:06 INFO  no build target found for /Users/jonathangallus/WebApps/blackjack-wa/app/controllers/HomeController.scala. Using presentation compiler with project's scala-library version: 3.3.6
2025.10.11 04:03:06 INFO  no build target found for /Users/jonathangallus/WebApps/blackjack-wa/app/controllers/HomeController.scala. Using presentation compiler with project's scala-library version: 3.3.6
2025.10.11 04:03:06 INFO  no build target found for /Users/jonathangallus/WebApps/blackjack-wa/app/controllers/HomeController.scala. Using presentation compiler with project's scala-library version: 3.3.6
2025.10.11 04:03:06 INFO  no build target found for /Users/jonathangallus/WebApps/blackjack-wa/app/controllers/HomeController.scala. Using presentation compiler with project's scala-library version: 3.3.6
2025.10.11 04:03:06 INFO  no build target found for /Users/jonathangallus/WebApps/blackjack-wa/app/controllers/HomeController.scala. Using presentation compiler with project's scala-library version: 3.3.6
2025.10.11 04:03:06 INFO  no build target found for /Users/jonathangallus/WebApps/blackjack-wa/app/controllers/HomeController.scala. Using presentation compiler with project's scala-library version: 3.3.6
2025.10.11 04:03:07 INFO  no build target found for /Users/jonathangallus/WebApps/blackjack-wa/app/controllers/HomeController.scala. Using presentation compiler with project's scala-library version: 3.3.6
2025.10.11 04:03:11 INFO  no build target found for /Users/jonathangallus/WebApps/blackjack-wa/app/controllers/HomeController.scala. Using presentation compiler with project's scala-library version: 3.3.6
2025.10.11 04:03:11 INFO  no build target found for /Users/jonathangallus/WebApps/blackjack-wa/app/controllers/HomeController.scala. Using presentation compiler with project's scala-library version: 3.3.6
2025.10.11 04:03:11 INFO  no build target found for /Users/jonathangallus/WebApps/blackjack-wa/app/controllers/HomeController.scala. Using presentation compiler with project's scala-library version: 3.3.6
2025.10.11 04:03:11 INFO  no build target found for /Users/jonathangallus/WebApps/blackjack-wa/app/controllers/HomeController.scala. Using presentation compiler with project's scala-library version: 3.3.6
2025.10.11 04:03:11 INFO  no build target found for /Users/jonathangallus/WebApps/blackjack-wa/app/controllers/HomeController.scala. Using presentation compiler with project's scala-library version: 3.3.6
2025.10.11 04:03:11 INFO  no build target found for /Users/jonathangallus/WebApps/blackjack-wa/app/controllers/HomeController.scala. Using presentation compiler with project's scala-library version: 3.3.6
2025.10.11 04:03:11 INFO  no build target found for /Users/jonathangallus/WebApps/blackjack-wa/app/controllers/HomeController.scala. Using presentation compiler with project's scala-library version: 3.3.6
2025.10.11 04:03:11 INFO  no build target found for /Users/jonathangallus/WebApps/blackjack-wa/app/controllers/HomeController.scala. Using presentation compiler with project's scala-library version: 3.3.6
2025.10.11 04:03:11 INFO  no build target found for /Users/jonathangallus/WebApps/blackjack-wa/app/controllers/HomeController.scala. Using presentation compiler with project's scala-library version: 3.3.6
2025.10.11 04:03:11 INFO  no build target found for /Users/jonathangallus/WebApps/blackjack-wa/app/controllers/HomeController.scala. Using presentation compiler with project's scala-library version: 3.3.6
2025.10.11 04:03:12 INFO  no build target found for /Users/jonathangallus/WebApps/blackjack-wa/app/controllers/HomeController.scala. Using presentation compiler with project's scala-library version: 3.3.6
2025.10.11 04:03:13 INFO  no build target found for /Users/jonathangallus/WebApps/blackjack-wa/app/controllers/HomeController.scala. Using presentation compiler with project's scala-library version: 3.3.6
2025.10.11 04:03:14 INFO  no build target found for /Users/jonathangallus/WebApps/blackjack-wa/app/controllers/HomeController.scala. Using presentation compiler with project's scala-library version: 3.3.6
2025.10.11 04:03:14 INFO  no build target found for /Users/jonathangallus/WebApps/blackjack-wa/app/controllers/HomeController.scala. Using presentation compiler with project's scala-library version: 3.3.6
2025.10.11 04:03:14 INFO  no build target found for /Users/jonathangallus/WebApps/blackjack-wa/app/controllers/HomeController.scala. Using presentation compiler with project's scala-library version: 3.3.6
2025.10.11 04:03:15 INFO  no build target found for /Users/jonathangallus/WebApps/blackjack-wa/app/controllers/HomeController.scala. Using presentation compiler with project's scala-library version: 3.3.6
2025.10.11 04:03:15 INFO  no build target found for /Users/jonathangallus/WebApps/blackjack-wa/app/controllers/HomeController.scala. Using presentation compiler with project's scala-library version: 3.3.6
2025.10.11 04:03:16 INFO  no build target found for /Users/jonathangallus/WebApps/blackjack-wa/app/controllers/HomeController.scala. Using presentation compiler with project's scala-library version: 3.3.6
2025.10.11 04:03:15 INFO  no build target found for /Users/jonathangallus/WebApps/blackjack-wa/app/controllers/HomeController.scala. Using presentation compiler with project's scala-library version: 3.3.6
2025.10.11 04:03:16 INFO  no build target found for /Users/jonathangallus/WebApps/blackjack-wa/app/controllers/HomeController.scala. Using presentation compiler with project's scala-library version: 3.3.6
2025.10.11 04:03:16 INFO  no build target found for /Users/jonathangallus/WebApps/blackjack-wa/app/controllers/HomeController.scala. Using presentation compiler with project's scala-library version: 3.3.6
2025.10.11 04:03:17 INFO  no build target found for /Users/jonathangallus/WebApps/blackjack-wa/app/controllers/HomeController.scala. Using presentation compiler with project's scala-library version: 3.3.6
2025.10.11 04:03:18 INFO  no build target found for /Users/jonathangallus/WebApps/blackjack-wa/app/controllers/HomeController.scala. Using presentation compiler with project's scala-library version: 3.3.6
2025.10.11 04:03:18 INFO  no build target found for /Users/jonathangallus/WebApps/blackjack-wa/app/controllers/HomeController.scala. Using presentation compiler with project's scala-library version: 3.3.6
2025.10.11 04:03:18 INFO  no build target found for /Users/jonathangallus/WebApps/blackjack-wa/app/controllers/HomeController.scala. Using presentation compiler with project's scala-library version: 3.3.6
2025.10.11 04:03:19 INFO  no build target found for /Users/jonathangallus/WebApps/blackjack-wa/app/controllers/HomeController.scala. Using presentation compiler with project's scala-library version: 3.3.6
2025.10.11 04:03:19 INFO  no build target found for /Users/jonathangallus/WebApps/blackjack-wa/app/controllers/HomeController.scala. Using presentation compiler with project's scala-library version: 3.3.6
2025.10.11 04:03:19 INFO  no build target found for /Users/jonathangallus/WebApps/blackjack-wa/app/controllers/HomeController.scala. Using presentation compiler with project's scala-library version: 3.3.6
2025.10.11 04:03:20 INFO  no build target found for /Users/jonathangallus/WebApps/blackjack-wa/app/controllers/HomeController.scala. Using presentation compiler with project's scala-library version: 3.3.6
2025.10.11 04:03:20 INFO  no build target found for /Users/jonathangallus/WebApps/blackjack-wa/app/controllers/HomeController.scala. Using presentation compiler with project's scala-library version: 3.3.6
2025.10.11 04:03:20 INFO  no build target found for /Users/jonathangallus/WebApps/blackjack-wa/app/controllers/HomeController.scala. Using presentation compiler with project's scala-library version: 3.3.6
2025.10.11 04:03:21 INFO  no build target found for /Users/jonathangallus/WebApps/blackjack-wa/app/controllers/HomeController.scala. Using presentation compiler with project's scala-library version: 3.3.6
2025.10.11 04:03:21 INFO  no build target found for /Users/jonathangallus/WebApps/blackjack-wa/app/controllers/HomeController.scala. Using presentation compiler with project's scala-library version: 3.3.6
2025.10.11 04:03:21 INFO  no build target found for /Users/jonathangallus/WebApps/blackjack-wa/app/controllers/HomeController.scala. Using presentation compiler with project's scala-library version: 3.3.6
2025.10.11 04:03:22 INFO  no build target found for /Users/jonathangallus/WebApps/blackjack-wa/app/controllers/HomeController.scala. Using presentation compiler with project's scala-library version: 3.3.6
2025.10.11 04:03:22 INFO  no build target found for /Users/jonathangallus/WebApps/blackjack-wa/app/controllers/HomeController.scala. Using presentation compiler with project's scala-library version: 3.3.6
2025.10.11 04:03:22 INFO  no build target found for /Users/jonathangallus/WebApps/blackjack-wa/app/controllers/HomeController.scala. Using presentation compiler with project's scala-library version: 3.3.6
2025.10.11 04:03:23 INFO  no build target found for /Users/jonathangallus/WebApps/blackjack-wa/app/controllers/HomeController.scala. Using presentation compiler with project's scala-library version: 3.3.6
2025.10.11 04:03:23 INFO  no build target found for /Users/jonathangallus/WebApps/blackjack-wa/app/controllers/HomeController.scala. Using presentation compiler with project's scala-library version: 3.3.6
2025.10.11 04:03:23 INFO  no build target found for /Users/jonathangallus/WebApps/blackjack-wa/app/controllers/HomeController.scala. Using presentation compiler with project's scala-library version: 3.3.6
2025.10.11 04:03:24 INFO  no build target found for /Users/jonathangallus/WebApps/blackjack-wa/app/controllers/HomeController.scala. Using presentation compiler with project's scala-library version: 3.3.6
2025.10.11 04:03:24 INFO  no build target found for /Users/jonathangallus/WebApps/blackjack-wa/app/controllers/HomeController.scala. Using presentation compiler with project's scala-library version: 3.3.6
2025.10.11 04:03:25 INFO  no build target found for /Users/jonathangallus/WebApps/blackjack-wa/app/controllers/HomeController.scala. Using presentation compiler with project's scala-library version: 3.3.6
2025.10.11 04:03:25 INFO  no build target found for /Users/jonathangallus/WebApps/blackjack-wa/app/controllers/HomeController.scala. Using presentation compiler with project's scala-library version: 3.3.6
2025.10.11 04:03:25 INFO  no build target found for /Users/jonathangallus/WebApps/blackjack-wa/app/controllers/HomeController.scala. Using presentation compiler with project's scala-library version: 3.3.6
2025.10.11 04:03:26 INFO  no build target found for /Users/jonathangallus/WebApps/blackjack-wa/app/controllers/HomeController.scala. Using presentation compiler with project's scala-library version: 3.3.6
2025.10.11 04:03:26 INFO  no build target found for /Users/jonathangallus/WebApps/blackjack-wa/app/controllers/HomeController.scala. Using presentation compiler with project's scala-library version: 3.3.6
2025.10.11 04:03:26 INFO  no build target found for /Users/jonathangallus/WebApps/blackjack-wa/app/controllers/HomeController.scala. Using presentation compiler with project's scala-library version: 3.3.6
2025.10.11 04:03:27 INFO  no build target found for /Users/jonathangallus/WebApps/blackjack-wa/app/controllers/HomeController.scala. Using presentation compiler with project's scala-library version: 3.3.6
2025.10.11 04:03:30 INFO  no build target found for /Users/jonathangallus/WebApps/blackjack-wa/app/controllers/HomeController.scala. Using presentation compiler with project's scala-library version: 3.3.6
2025.10.11 04:03:33 INFO  no build target found for /Users/jonathangallus/WebApps/blackjack-wa/app/controllers/HomeController.scala. Using presentation compiler with project's scala-library version: 3.3.6
2025.10.11 04:03:33 INFO  no build target found for /Users/jonathangallus/WebApps/blackjack-wa/app/controllers/HomeController.scala. Using presentation compiler with project's scala-library version: 3.3.6
2025.10.11 04:03:34 INFO  no build target found for /Users/jonathangallus/WebApps/blackjack-wa/app/controllers/HomeController.scala. Using presentation compiler with project's scala-library version: 3.3.6
2025.10.11 04:03:34 INFO  no build target found for /Users/jonathangallus/WebApps/blackjack-wa/app/controllers/HomeController.scala. Using presentation compiler with project's scala-library version: 3.3.6
2025.10.11 04:03:35 INFO  no build target found for /Users/jonathangallus/WebApps/blackjack-wa/app/controllers/HomeController.scala. Using presentation compiler with project's scala-library version: 3.3.6
2025.10.11 04:03:35 WARN  no build target for: /Users/jonathangallus/WebApps/blackjack-wa/app/controllers/HomeController.scala
2025.10.11 04:03:35 INFO  no build target found for /Users/jonathangallus/WebApps/blackjack-wa/app/controllers/HomeController.scala. Using presentation compiler with project's scala-library version: 3.3.6
2025.10.11 04:03:53 WARN  no build target for: /Users/jonathangallus/WebApps/blackjack-wa/app/controllers/HomeController.scala
2025.10.11 04:03:53 INFO  no build target found for /Users/jonathangallus/WebApps/blackjack-wa/app/controllers/HomeController.scala. Using presentation compiler with project's scala-library version: 3.3.6
2025.10.11 04:04:56 INFO  no build target found for /Users/jonathangallus/WebApps/blackjack-wa/app/controllers/HomeController.scala. Using presentation compiler with project's scala-library version: 3.3.6
2025.10.11 04:05:06 INFO  no build target found for /Users/jonathangallus/WebApps/blackjack-wa/app/controllers/HomeController.scala. Using presentation compiler with project's scala-library version: 3.3.6
2025.10.11 04:05:06 INFO  no build target found for /Users/jonathangallus/WebApps/blackjack-wa/app/controllers/HomeController.scala. Using presentation compiler with project's scala-library version: 3.3.6
2025.10.11 04:05:09 INFO  no build target found for /Users/jonathangallus/WebApps/blackjack-wa/app/controllers/HomeController.scala. Using presentation compiler with project's scala-library version: 3.3.6
2025.10.11 04:05:11 INFO  no build target found for /Users/jonathangallus/WebApps/blackjack-wa/app/controllers/HomeController.scala. Using presentation compiler with project's scala-library version: 3.3.6
2025.10.11 04:05:11 INFO  no build target found for /Users/jonathangallus/WebApps/blackjack-wa/app/controllers/HomeController.scala. Using presentation compiler with project's scala-library version: 3.3.6
2025.10.11 04:05:12 INFO  no build target found for /Users/jonathangallus/WebApps/blackjack-wa/app/controllers/HomeController.scala. Using presentation compiler with project's scala-library version: 3.3.6
2025.10.11 04:05:14 INFO  no build target found for /Users/jonathangallus/WebApps/blackjack-wa/app/controllers/HomeController.scala. Using presentation compiler with project's scala-library version: 3.3.6
2025.10.11 04:05:14 INFO  no build target found for /Users/jonathangallus/WebApps/blackjack-wa/app/controllers/HomeController.scala. Using presentation compiler with project's scala-library version: 3.3.6
2025.10.11 04:05:14 INFO  no build target found for /Users/jonathangallus/WebApps/blackjack-wa/app/controllers/HomeController.scala. Using presentation compiler with project's scala-library version: 3.3.6
2025.10.11 04:05:33 WARN  no build target for: /Users/jonathangallus/WebApps/blackjack-wa/app/controllers/HomeController.scala
2025.10.11 04:05:33 INFO  no build target found for /Users/jonathangallus/WebApps/blackjack-wa/app/controllers/HomeController.scala. Using presentation compiler with project's scala-library version: 3.3.6
2025.10.11 04:05:33 INFO  no build target found for /Users/jonathangallus/WebApps/blackjack-wa/app/controllers/HomeController.scala. Using presentation compiler with project's scala-library version: 3.3.6
2025.10.11 04:05:55 INFO  no build target found for /Users/jonathangallus/WebApps/blackjack-wa/blackjack/src/main/scala/view/TUI.scala. Using presentation compiler with project's scala-library version: 3.3.6
2025.10.11 04:05:56 INFO  no build target found for /Users/jonathangallus/WebApps/blackjack-wa/blackjack/src/main/scala/view/TUI.scala. Using presentation compiler with project's scala-library version: 3.3.6
2025.10.11 04:06:02 INFO  no build target found for /Users/jonathangallus/WebApps/blackjack-wa/blackjack/src/main/scala/view/TUI.scala. Using presentation compiler with project's scala-library version: 3.3.6
2025.10.11 04:06:02 INFO  no build target found for /Users/jonathangallus/WebApps/blackjack-wa/blackjack/src/main/scala/view/TUI.scala. Using presentation compiler with project's scala-library version: 3.3.6
2025.10.11 04:06:02 INFO  no build target found for /Users/jonathangallus/WebApps/blackjack-wa/blackjack/src/main/scala/view/TUI.scala. Using presentation compiler with project's scala-library version: 3.3.6
2025.10.11 04:06:02 INFO  no build target found for /Users/jonathangallus/WebApps/blackjack-wa/blackjack/src/main/scala/view/TUI.scala. Using presentation compiler with project's scala-library version: 3.3.6
2025.10.11 04:06:02 INFO  no build target found for /Users/jonathangallus/WebApps/blackjack-wa/blackjack/src/main/scala/view/TUI.scala. Using presentation compiler with project's scala-library version: 3.3.6
2025.10.11 04:06:03 WARN  no build target for: /Users/jonathangallus/WebApps/blackjack-wa/blackjack/src/main/scala/view/TUI.scala
2025.10.11 04:06:03 INFO  no build target found for /Users/jonathangallus/WebApps/blackjack-wa/blackjack/src/main/scala/view/TUI.scala. Using presentation compiler with project's scala-library version: 3.3.6
2025.10.11 04:06:03 INFO  no build target found for /Users/jonathangallus/WebApps/blackjack-wa/blackjack/src/main/scala/view/TUI.scala. Using presentation compiler with project's scala-library version: 3.3.6
2025.10.11 04:06:04 INFO  no build target found for /Users/jonathangallus/WebApps/blackjack-wa/blackjack/src/main/scala/view/TUI.scala. Using presentation compiler with project's scala-library version: 3.3.6
2025.10.11 04:07:18 WARN  no build target for: /Users/jonathangallus/WebApps/blackjack-wa/app/modules/modules.BlackjackModule.scala
2025.10.11 04:07:18 INFO  no build target found for /Users/jonathangallus/WebApps/blackjack-wa/app/modules/modules.BlackjackModule.scala. Using presentation compiler with project's scala-library version: 3.3.6
2025.10.11 04:07:25 WARN  no build target for: /Users/jonathangallus/WebApps/blackjack-wa/app/modules/modules.BlackjackModule.scala
2025.10.11 04:07:25 INFO  no build target found for /Users/jonathangallus/WebApps/blackjack-wa/app/modules/modules.BlackjackModule.scala. Using presentation compiler with project's scala-library version: 3.3.6
2025.10.11 04:07:28 INFO  no build target found for /Users/jonathangallus/WebApps/blackjack-wa/blackjack/src/main/scala/view/TUI.scala. Using presentation compiler with project's scala-library version: 3.3.6
2025.10.11 04:07:28 INFO  no build target found for /Users/jonathangallus/WebApps/blackjack-wa/blackjack/src/main/scala/modules.BlackjackModule.scala. Using presentation compiler with project's scala-library version: 3.3.6
2025.10.11 04:07:31 INFO  no build target found for /Users/jonathangallus/WebApps/blackjack-wa/app/controllers/HomeController.scala. Using presentation compiler with project's scala-library version: 3.3.6
2025.10.11 04:07:33 INFO  no build target found for /Users/jonathangallus/WebApps/blackjack-wa/blackjack/src/main/scala/modules.BlackjackModule.scala. Using presentation compiler with project's scala-library version: 3.3.6
2025.10.11 04:07:33 WARN  no build target for: /Users/jonathangallus/WebApps/blackjack-wa/app/modules/modules.BlackjackModule.scala
2025.10.11 04:07:33 INFO  no build target found for /Users/jonathangallus/WebApps/blackjack-wa/app/modules/modules.BlackjackModule.scala. Using presentation compiler with project's scala-library version: 3.3.6
2025.10.11 04:07:34 INFO  no build target found for /Users/jonathangallus/WebApps/blackjack-wa/app/modules/modules.BlackjackModule.scala. Using presentation compiler with project's scala-library version: 3.3.6
2025.10.11 04:07:36 INFO  no build target found for /Users/jonathangallus/WebApps/blackjack-wa/app/controllers/HomeController.scala. Using presentation compiler with project's scala-library version: 3.3.6
2025.10.11 04:07:40 INFO  no build target found for /Users/jonathangallus/WebApps/blackjack-wa/app/controllers/HomeController.scala. Using presentation compiler with project's scala-library version: 3.3.6
2025.10.11 04:07:40 INFO  no build target found for /Users/jonathangallus/WebApps/blackjack-wa/app/controllers/HomeController.scala. Using presentation compiler with project's scala-library version: 3.3.6
2025.10.11 04:07:40 INFO  no build target found for /Users/jonathangallus/WebApps/blackjack-wa/app/controllers/HomeController.scala. Using presentation compiler with project's scala-library version: 3.3.6
2025.10.11 04:07:41 INFO  no build target found for /Users/jonathangallus/WebApps/blackjack-wa/app/controllers/HomeController.scala. Using presentation compiler with project's scala-library version: 3.3.6
2025.10.11 04:07:41 INFO  no build target found for /Users/jonathangallus/WebApps/blackjack-wa/app/controllers/HomeController.scala. Using presentation compiler with project's scala-library version: 3.3.6
2025.10.11 04:07:41 INFO  no build target found for /Users/jonathangallus/WebApps/blackjack-wa/app/controllers/HomeController.scala. Using presentation compiler with project's scala-library version: 3.3.6
2025.10.11 04:07:41 INFO  no build target found for /Users/jonathangallus/WebApps/blackjack-wa/app/controllers/HomeController.scala. Using presentation compiler with project's scala-library version: 3.3.6
2025.10.11 04:07:41 INFO  no build target found for /Users/jonathangallus/WebApps/blackjack-wa/app/controllers/HomeController.scala. Using presentation compiler with project's scala-library version: 3.3.6
2025.10.11 04:07:41 INFO  no build target found for /Users/jonathangallus/WebApps/blackjack-wa/app/controllers/HomeController.scala. Using presentation compiler with project's scala-library version: 3.3.6
2025.10.11 04:07:41 INFO  no build target found for /Users/jonathangallus/WebApps/blackjack-wa/app/controllers/HomeController.scala. Using presentation compiler with project's scala-library version: 3.3.6
2025.10.11 04:07:43 INFO  no build target found for /Users/jonathangallus/WebApps/blackjack-wa/app/controllers/HomeController.scala. Using presentation compiler with project's scala-library version: 3.3.6
2025.10.11 04:07:43 INFO  no build target found for /Users/jonathangallus/WebApps/blackjack-wa/app/controllers/HomeController.scala. Using presentation compiler with project's scala-library version: 3.3.6
2025.10.11 04:07:44 INFO  no build target found for /Users/jonathangallus/WebApps/blackjack-wa/app/controllers/HomeController.scala. Using presentation compiler with project's scala-library version: 3.3.6
2025.10.11 04:07:44 WARN  no build target for: /Users/jonathangallus/WebApps/blackjack-wa/app/controllers/HomeController.scala
2025.10.11 04:07:44 INFO  no build target found for /Users/jonathangallus/WebApps/blackjack-wa/app/controllers/HomeController.scala. Using presentation compiler with project's scala-library version: 3.3.6
2025.10.11 04:07:49 INFO  no build target found for /Users/jonathangallus/WebApps/blackjack-wa/app/controllers/HomeController.scala. Using presentation compiler with project's scala-library version: 3.3.6
2025.10.11 04:07:49 INFO  no build target found for /Users/jonathangallus/WebApps/blackjack-wa/app/controllers/HomeController.scala. Using presentation compiler with project's scala-library version: 3.3.6
2025.10.11 04:07:49 INFO  no build target found for /Users/jonathangallus/WebApps/blackjack-wa/app/controllers/HomeController.scala. Using presentation compiler with project's scala-library version: 3.3.6
2025.10.11 04:07:50 INFO  no build target found for /Users/jonathangallus/WebApps/blackjack-wa/app/controllers/HomeController.scala. Using presentation compiler with project's scala-library version: 3.3.6
2025.10.11 04:07:51 INFO  no build target found for /Users/jonathangallus/WebApps/blackjack-wa/app/controllers/HomeController.scala. Using presentation compiler with project's scala-library version: 3.3.6
2025.10.11 04:07:51 INFO  no build target found for /Users/jonathangallus/WebApps/blackjack-wa/app/controllers/HomeController.scala. Using presentation compiler with project's scala-library version: 3.3.6
2025.10.11 04:07:50 INFO  no build target found for /Users/jonathangallus/WebApps/blackjack-wa/app/controllers/HomeController.scala. Using presentation compiler with project's scala-library version: 3.3.6
2025.10.11 04:07:51 INFO  no build target found for /Users/jonathangallus/WebApps/blackjack-wa/app/controllers/HomeController.scala. Using presentation compiler with project's scala-library version: 3.3.6
2025.10.11 04:07:51 INFO  no build target found for /Users/jonathangallus/WebApps/blackjack-wa/app/controllers/HomeController.scala. Using presentation compiler with project's scala-library version: 3.3.6
2025.10.11 04:07:51 INFO  no build target found for /Users/jonathangallus/WebApps/blackjack-wa/app/controllers/HomeController.scala. Using presentation compiler with project's scala-library version: 3.3.6
2025.10.11 04:07:51 INFO  no build target found for /Users/jonathangallus/WebApps/blackjack-wa/app/controllers/HomeController.scala. Using presentation compiler with project's scala-library version: 3.3.6
2025.10.11 04:07:51 INFO  no build target found for /Users/jonathangallus/WebApps/blackjack-wa/app/controllers/HomeController.scala. Using presentation compiler with project's scala-library version: 3.3.6
2025.10.11 04:07:52 INFO  no build target found for /Users/jonathangallus/WebApps/blackjack-wa/app/controllers/HomeController.scala. Using presentation compiler with project's scala-library version: 3.3.6
2025.10.11 04:07:52 INFO  no build target found for /Users/jonathangallus/WebApps/blackjack-wa/app/controllers/HomeController.scala. Using presentation compiler with project's scala-library version: 3.3.6
2025.10.11 04:07:52 INFO  no build target found for /Users/jonathangallus/WebApps/blackjack-wa/app/controllers/HomeController.scala. Using presentation compiler with project's scala-library version: 3.3.6
2025.10.11 04:07:52 INFO  no build target found for /Users/jonathangallus/WebApps/blackjack-wa/app/controllers/HomeController.scala. Using presentation compiler with project's scala-library version: 3.3.6
2025.10.11 04:07:52 INFO  no build target found for /Users/jonathangallus/WebApps/blackjack-wa/app/controllers/HomeController.scala. Using presentation compiler with project's scala-library version: 3.3.6
2025.10.11 04:07:52 INFO  no build target found for /Users/jonathangallus/WebApps/blackjack-wa/app/controllers/HomeController.scala. Using presentation compiler with project's scala-library version: 3.3.6
2025.10.11 04:07:52 INFO  no build target found for /Users/jonathangallus/WebApps/blackjack-wa/app/controllers/HomeController.scala. Using presentation compiler with project's scala-library version: 3.3.6
2025.10.11 04:07:52 INFO  no build target found for /Users/jonathangallus/WebApps/blackjack-wa/app/controllers/HomeController.scala. Using presentation compiler with project's scala-library version: 3.3.6
2025.10.11 04:07:53 INFO  no build target found for /Users/jonathangallus/WebApps/blackjack-wa/app/controllers/HomeController.scala. Using presentation compiler with project's scala-library version: 3.3.6
2025.10.11 04:07:53 INFO  no build target found for /Users/jonathangallus/WebApps/blackjack-wa/app/controllers/HomeController.scala. Using presentation compiler with project's scala-library version: 3.3.6
2025.10.11 04:07:53 INFO  no build target found for /Users/jonathangallus/WebApps/blackjack-wa/app/controllers/HomeController.scala. Using presentation compiler with project's scala-library version: 3.3.6
2025.10.11 04:07:53 INFO  no build target found for /Users/jonathangallus/WebApps/blackjack-wa/app/controllers/HomeController.scala. Using presentation compiler with project's scala-library version: 3.3.6
2025.10.11 04:07:53 INFO  no build target found for /Users/jonathangallus/WebApps/blackjack-wa/app/controllers/HomeController.scala. Using presentation compiler with project's scala-library version: 3.3.6
2025.10.11 04:07:53 INFO  no build target found for /Users/jonathangallus/WebApps/blackjack-wa/app/controllers/HomeController.scala. Using presentation compiler with project's scala-library version: 3.3.6
2025.10.11 04:07:53 INFO  no build target found for /Users/jonathangallus/WebApps/blackjack-wa/app/controllers/HomeController.scala. Using presentation compiler with project's scala-library version: 3.3.6
2025.10.11 04:07:53 INFO  no build target found for /Users/jonathangallus/WebApps/blackjack-wa/app/controllers/HomeController.scala. Using presentation compiler with project's scala-library version: 3.3.6
2025.10.11 04:07:53 INFO  no build target found for /Users/jonathangallus/WebApps/blackjack-wa/app/controllers/HomeController.scala. Using presentation compiler with project's scala-library version: 3.3.6
2025.10.11 04:07:54 INFO  no build target found for /Users/jonathangallus/WebApps/blackjack-wa/app/controllers/HomeController.scala. Using presentation compiler with project's scala-library version: 3.3.6
2025.10.11 04:07:54 INFO  no build target found for /Users/jonathangallus/WebApps/blackjack-wa/app/controllers/HomeController.scala. Using presentation compiler with project's scala-library version: 3.3.6
2025.10.11 04:07:54 INFO  no build target found for /Users/jonathangallus/WebApps/blackjack-wa/app/controllers/HomeController.scala. Using presentation compiler with project's scala-library version: 3.3.6
2025.10.11 04:07:55 INFO  no build target found for /Users/jonathangallus/WebApps/blackjack-wa/app/controllers/HomeController.scala. Using presentation compiler with project's scala-library version: 3.3.6
2025.10.11 04:07:55 WARN  no build target for: /Users/jonathangallus/WebApps/blackjack-wa/app/controllers/HomeController.scala
2025.10.11 04:07:55 INFO  no build target found for /Users/jonathangallus/WebApps/blackjack-wa/app/controllers/HomeController.scala. Using presentation compiler with project's scala-library version: 3.3.6
2025.10.11 04:07:56 INFO  no build target found for /Users/jonathangallus/WebApps/blackjack-wa/app/controllers/HomeController.scala. Using presentation compiler with project's scala-library version: 3.3.6
2025.10.11 04:08:55 INFO  no build target found for /Users/jonathangallus/WebApps/blackjack-wa/app/controllers/HomeController.scala. Using presentation compiler with project's scala-library version: 3.3.6
2025.10.11 04:09:29 INFO  no build target found for /Users/jonathangallus/WebApps/blackjack-wa/blackjack/build.sbt. Using presentation compiler with project's scala-library version: 3.3.6
2025.10.11 04:09:30 INFO  no build target found for /Users/jonathangallus/WebApps/blackjack-wa/blackjack/build.sbt. Using presentation compiler with project's scala-library version: 3.3.6
2025.10.11 04:09:36 INFO  no build target found for /Users/jonathangallus/WebApps/blackjack-wa/blackjack/build.sbt. Using presentation compiler with project's scala-library version: 3.3.6
2025.10.11 04:09:36 INFO  no build target found for /Users/jonathangallus/WebApps/blackjack-wa/build.sbt. Using presentation compiler with project's scala-library version: 3.3.6
2025.10.11 04:09:49 INFO  no build target found for /Users/jonathangallus/WebApps/blackjack-wa/build.sbt. Using presentation compiler with project's scala-library version: 3.3.6
2025.10.11 04:09:52 INFO  no build target found for /Users/jonathangallus/WebApps/blackjack-wa/build.sbt. Using presentation compiler with project's scala-library version: 3.3.6
2025.10.11 04:09:53 INFO  no build target found for /Users/jonathangallus/WebApps/blackjack-wa/build.sbt. Using presentation compiler with project's scala-library version: 3.3.6
2025.10.11 04:09:53 INFO  no build target found for /Users/jonathangallus/WebApps/blackjack-wa/build.sbt. Using presentation compiler with project's scala-library version: 3.3.6
2025.10.11 04:09:53 INFO  no build target found for /Users/jonathangallus/WebApps/blackjack-wa/build.sbt. Using presentation compiler with project's scala-library version: 3.3.6
2025.10.11 04:09:53 INFO  no build target found for /Users/jonathangallus/WebApps/blackjack-wa/build.sbt. Using presentation compiler with project's scala-library version: 3.3.6
2025.10.11 04:09:55 INFO  no build target found for /Users/jonathangallus/WebApps/blackjack-wa/build.sbt. Using presentation compiler with project's scala-library version: 3.3.6
2025.10.11 04:09:56 INFO  no build target found for /Users/jonathangallus/WebApps/blackjack-wa/build.sbt. Using presentation compiler with project's scala-library version: 3.3.6
2025.10.11 04:09:56 INFO  no build target found for /Users/jonathangallus/WebApps/blackjack-wa/build.sbt. Using presentation compiler with project's scala-library version: 3.3.6
2025.10.11 04:10:00 INFO  no build target found for /Users/jonathangallus/WebApps/blackjack-wa/build.sbt. Using presentation compiler with project's scala-library version: 3.3.6
2025.10.11 04:10:00 INFO  no build target found for /Users/jonathangallus/WebApps/blackjack-wa/build.sbt. Using presentation compiler with project's scala-library version: 3.3.6
2025.10.11 04:10:02 INFO  no build target found for /Users/jonathangallus/WebApps/blackjack-wa/build.sbt. Using presentation compiler with project's scala-library version: 3.3.6
2025.10.11 04:10:12 INFO  no build target found for /Users/jonathangallus/WebApps/blackjack-wa/build.sbt. Using presentation compiler with project's scala-library version: 3.3.6
2025.10.11 04:10:12 INFO  no build target found for /Users/jonathangallus/WebApps/blackjack-wa/build.sbt. Using presentation compiler with project's scala-library version: 3.3.6
2025.10.11 04:10:16 INFO  no build target found for /Users/jonathangallus/WebApps/blackjack-wa/build.sbt. Using presentation compiler with project's scala-library version: 3.3.6
2025.10.11 04:10:16 INFO  no build target found for /Users/jonathangallus/WebApps/blackjack-wa/build.sbt. Using presentation compiler with project's scala-library version: 3.3.6
2025.10.11 04:10:16 INFO  no build target found for /Users/jonathangallus/WebApps/blackjack-wa/build.sbt. Using presentation compiler with project's scala-library version: 3.3.6
2025.10.11 04:10:17 INFO  no build target found for /Users/jonathangallus/WebApps/blackjack-wa/build.sbt. Using presentation compiler with project's scala-library version: 3.3.6
2025.10.11 04:10:17 INFO  no build target found for /Users/jonathangallus/WebApps/blackjack-wa/build.sbt. Using presentation compiler with project's scala-library version: 3.3.6
2025.10.11 04:10:17 INFO  no build target found for /Users/jonathangallus/WebApps/blackjack-wa/build.sbt. Using presentation compiler with project's scala-library version: 3.3.6
2025.10.11 04:10:19 INFO  no build target found for /Users/jonathangallus/WebApps/blackjack-wa/build.sbt. Using presentation compiler with project's scala-library version: 3.3.6
2025.10.11 04:10:19 WARN  no build target for: /Users/jonathangallus/WebApps/blackjack-wa/build.sbt
2025.10.11 04:10:19 INFO  no build target found for /Users/jonathangallus/WebApps/blackjack-wa/build.sbt. Using presentation compiler with project's scala-library version: 3.3.6
2025.10.11 04:10:19 INFO  no build target found for /Users/jonathangallus/WebApps/blackjack-wa/build.sbt. Using presentation compiler with project's scala-library version: 3.3.6
2025.10.11 04:10:19 INFO  no build target found for /Users/jonathangallus/WebApps/blackjack-wa/build.sbt. Using presentation compiler with project's scala-library version: 3.3.6
2025.10.11 04:12:23 INFO  no build target found for /Users/jonathangallus/WebApps/blackjack-wa/build.sbt. Using presentation compiler with project's scala-library version: 3.3.6
2025.10.11 04:12:26 INFO  no build target found for /Users/jonathangallus/WebApps/blackjack-wa/build.sbt. Using presentation compiler with project's scala-library version: 3.3.6
2025.10.11 04:12:26 INFO  no build target found for /Users/jonathangallus/WebApps/blackjack-wa/build.sbt. Using presentation compiler with project's scala-library version: 3.3.6
2025.10.11 04:12:38 INFO  no build target found for /Users/jonathangallus/WebApps/blackjack-wa/build.sbt. Using presentation compiler with project's scala-library version: 3.3.6
2025.10.11 04:12:42 INFO  no build target found for /Users/jonathangallus/WebApps/blackjack-wa/build.sbt. Using presentation compiler with project's scala-library version: 3.3.6
2025.10.11 04:12:42 INFO  no build target found for /Users/jonathangallus/WebApps/blackjack-wa/build.sbt. Using presentation compiler with project's scala-library version: 3.3.6
2025.10.11 04:12:43 INFO  no build target found for /Users/jonathangallus/WebApps/blackjack-wa/build.sbt. Using presentation compiler with project's scala-library version: 3.3.6
2025.10.11 04:12:44 INFO  no build target found for /Users/jonathangallus/WebApps/blackjack-wa/build.sbt. Using presentation compiler with project's scala-library version: 3.3.6
2025.10.11 04:12:44 WARN  no build target for: /Users/jonathangallus/WebApps/blackjack-wa/build.sbt
2025.10.11 04:12:44 INFO  no build target found for /Users/jonathangallus/WebApps/blackjack-wa/build.sbt. Using presentation compiler with project's scala-library version: 3.3.6
2025.10.11 04:12:44 INFO  no build target found for /Users/jonathangallus/WebApps/blackjack-wa/build.sbt. Using presentation compiler with project's scala-library version: 3.3.6
2025.10.11 11:30:51 INFO  no build target found for /Users/jonathangallus/WebApps/blackjack-wa/build.sbt. Using presentation compiler with project's scala-library version: 3.3.6
2025.10.11 11:30:51 INFO  no build target found for /Users/jonathangallus/WebApps/blackjack-wa/build.sbt. Using presentation compiler with project's scala-library version: 3.3.6
2025.10.11 11:30:51 INFO  no build target found for /Users/jonathangallus/WebApps/blackjack-wa/build.sbt. Using presentation compiler with project's scala-library version: 3.3.6
2025.10.11 11:30:54 INFO  no build target found for /Users/jonathangallus/WebApps/blackjack-wa/build.sbt. Using presentation compiler with project's scala-library version: 3.3.6
2025.10.11 11:30:54 INFO  no build target found for /Users/jonathangallus/WebApps/blackjack-wa/build.sbt. Using presentation compiler with project's scala-library version: 3.3.6
2025.10.11 11:30:55 INFO  no build target found for /Users/jonathangallus/WebApps/blackjack-wa/build.sbt. Using presentation compiler with project's scala-library version: 3.3.6
2025.10.11 11:30:56 INFO  no build target found for /Users/jonathangallus/WebApps/blackjack-wa/build.sbt. Using presentation compiler with project's scala-library version: 3.3.6
2025.10.11 11:30:56 INFO  no build target found for /Users/jonathangallus/WebApps/blackjack-wa/build.sbt. Using presentation compiler with project's scala-library version: 3.3.6
2025.10.11 11:30:57 INFO  no build target found for /Users/jonathangallus/WebApps/blackjack-wa/build.sbt. Using presentation compiler with project's scala-library version: 3.3.6
2025.10.11 11:30:57 INFO  no build target found for /Users/jonathangallus/WebApps/blackjack-wa/build.sbt. Using presentation compiler with project's scala-library version: 3.3.6
2025.10.11 11:30:57 INFO  no build target found for /Users/jonathangallus/WebApps/blackjack-wa/build.sbt. Using presentation compiler with project's scala-library version: 3.3.6
2025.10.11 11:30:57 INFO  no build target found for /Users/jonathangallus/WebApps/blackjack-wa/build.sbt. Using presentation compiler with project's scala-library version: 3.3.6
2025.10.11 11:30:57 INFO  no build target found for /Users/jonathangallus/WebApps/blackjack-wa/build.sbt. Using presentation compiler with project's scala-library version: 3.3.6
2025.10.11 11:30:57 INFO  no build target found for /Users/jonathangallus/WebApps/blackjack-wa/build.sbt. Using presentation compiler with project's scala-library version: 3.3.6
2025.10.11 11:30:58 INFO  no build target found for /Users/jonathangallus/WebApps/blackjack-wa/build.sbt. Using presentation compiler with project's scala-library version: 3.3.6
2025.10.11 11:30:58 INFO  no build target found for /Users/jonathangallus/WebApps/blackjack-wa/build.sbt. Using presentation compiler with project's scala-library version: 3.3.6
2025.10.11 11:30:58 INFO  no build target found for /Users/jonathangallus/WebApps/blackjack-wa/build.sbt. Using presentation compiler with project's scala-library version: 3.3.6
2025.10.11 11:30:59 INFO  no build target found for /Users/jonathangallus/WebApps/blackjack-wa/build.sbt. Using presentation compiler with project's scala-library version: 3.3.6
2025.10.11 11:30:58 INFO  no build target found for /Users/jonathangallus/WebApps/blackjack-wa/build.sbt. Using presentation compiler with project's scala-library version: 3.3.6
2025.10.11 11:31:00 INFO  no build target found for /Users/jonathangallus/WebApps/blackjack-wa/build.sbt. Using presentation compiler with project's scala-library version: 3.3.6
2025.10.11 11:31:00 INFO  no build target found for /Users/jonathangallus/WebApps/blackjack-wa/build.sbt. Using presentation compiler with project's scala-library version: 3.3.6
2025.10.11 11:31:00 INFO  no build target found for /Users/jonathangallus/WebApps/blackjack-wa/build.sbt. Using presentation compiler with project's scala-library version: 3.3.6
2025.10.11 11:31:00 INFO  no build target found for /Users/jonathangallus/WebApps/blackjack-wa/build.sbt. Using presentation compiler with project's scala-library version: 3.3.6
2025.10.11 11:31:00 INFO  no build target found for /Users/jonathangallus/WebApps/blackjack-wa/build.sbt. Using presentation compiler with project's scala-library version: 3.3.6
2025.10.11 11:31:00 INFO  no build target found for /Users/jonathangallus/WebApps/blackjack-wa/build.sbt. Using presentation compiler with project's scala-library version: 3.3.6
2025.10.11 11:31:00 INFO  no build target found for /Users/jonathangallus/WebApps/blackjack-wa/build.sbt. Using presentation compiler with project's scala-library version: 3.3.6
2025.10.11 11:31:00 INFO  no build target found for /Users/jonathangallus/WebApps/blackjack-wa/build.sbt. Using presentation compiler with project's scala-library version: 3.3.6
2025.10.11 11:31:00 INFO  no build target found for /Users/jonathangallus/WebApps/blackjack-wa/build.sbt. Using presentation compiler with project's scala-library version: 3.3.6
2025.10.11 11:31:01 INFO  no build target found for /Users/jonathangallus/WebApps/blackjack-wa/build.sbt. Using presentation compiler with project's scala-library version: 3.3.6
2025.10.11 11:31:01 INFO  no build target found for /Users/jonathangallus/WebApps/blackjack-wa/build.sbt. Using presentation compiler with project's scala-library version: 3.3.6
2025.10.11 11:31:01 INFO  no build target found for /Users/jonathangallus/WebApps/blackjack-wa/build.sbt. Using presentation compiler with project's scala-library version: 3.3.6
2025.10.11 11:31:06 WARN  no build target for: /Users/jonathangallus/WebApps/blackjack-wa/build.sbt
2025.10.11 11:31:06 INFO  no build target found for /Users/jonathangallus/WebApps/blackjack-wa/build.sbt. Using presentation compiler with project's scala-library version: 3.3.6
2025.10.11 11:31:06 INFO  no build target found for /Users/jonathangallus/WebApps/blackjack-wa/build.sbt. Using presentation compiler with project's scala-library version: 3.3.6
2025.10.11 11:31:07 INFO  no build target found for /Users/jonathangallus/WebApps/blackjack-wa/build.sbt. Using presentation compiler with project's scala-library version: 3.3.6
2025.10.11 11:31:11 INFO  no build target found for /Users/jonathangallus/WebApps/blackjack-wa/build.sbt. Using presentation compiler with project's scala-library version: 3.3.6
2025.10.11 11:32:10 INFO  no build target found for /Users/jonathangallus/WebApps/blackjack-wa/build.sbt. Using presentation compiler with project's scala-library version: 3.3.6
2025.10.11 11:32:10 INFO  no build target found for /Users/jonathangallus/WebApps/blackjack-wa/build.sbt. Using presentation compiler with project's scala-library version: 3.3.6
2025.10.11 11:32:12 INFO  no build target found for /Users/jonathangallus/WebApps/blackjack-wa/build.sbt. Using presentation compiler with project's scala-library version: 3.3.6
2025.10.11 11:32:12 INFO  no build target found for /Users/jonathangallus/WebApps/blackjack-wa/build.sbt. Using presentation compiler with project's scala-library version: 3.3.6
2025.10.11 11:32:12 INFO  no build target found for /Users/jonathangallus/WebApps/blackjack-wa/build.sbt. Using presentation compiler with project's scala-library version: 3.3.6
2025.10.11 11:32:12 INFO  no build target found for /Users/jonathangallus/WebApps/blackjack-wa/build.sbt. Using presentation compiler with project's scala-library version: 3.3.6
2025.10.11 11:32:14 INFO  no build target found for /Users/jonathangallus/WebApps/blackjack-wa/build.sbt. Using presentation compiler with project's scala-library version: 3.3.6
2025.10.11 11:32:14 WARN  no build target for: /Users/jonathangallus/WebApps/blackjack-wa/build.sbt
2025.10.11 11:32:14 INFO  no build target found for /Users/jonathangallus/WebApps/blackjack-wa/build.sbt. Using presentation compiler with project's scala-library version: 3.3.6
2025.10.11 11:32:14 INFO  no build target found for /Users/jonathangallus/WebApps/blackjack-wa/build.sbt. Using presentation compiler with project's scala-library version: 3.3.6
2025.10.11 11:33:24 INFO  no build target found for /Users/jonathangallus/WebApps/blackjack-wa/build.sbt. Using presentation compiler with project's scala-library version: 3.3.6
2025.10.11 11:33:29 INFO  no build target found for /Users/jonathangallus/WebApps/blackjack-wa/build.sbt. Using presentation compiler with project's scala-library version: 3.3.6
2025.10.11 11:33:32 INFO  no build target found for /Users/jonathangallus/WebApps/blackjack-wa/build.sbt. Using presentation compiler with project's scala-library version: 3.3.6
2025.10.11 11:33:32 INFO  no build target found for /Users/jonathangallus/WebApps/blackjack-wa/build.sbt. Using presentation compiler with project's scala-library version: 3.3.6
2025.10.11 11:33:33 INFO  no build target found for /Users/jonathangallus/WebApps/blackjack-wa/build.sbt. Using presentation compiler with project's scala-library version: 3.3.6
2025.10.11 11:33:35 INFO  no build target found for /Users/jonathangallus/WebApps/blackjack-wa/build.sbt. Using presentation compiler with project's scala-library version: 3.3.6
2025.10.11 11:33:35 INFO  no build target found for /Users/jonathangallus/WebApps/blackjack-wa/build.sbt. Using presentation compiler with project's scala-library version: 3.3.6
2025.10.11 11:33:35 INFO  no build target found for /Users/jonathangallus/WebApps/blackjack-wa/build.sbt. Using presentation compiler with project's scala-library version: 3.3.6
2025.10.11 11:34:08 INFO  no build target found for /Users/jonathangallus/WebApps/blackjack-wa/build.sbt. Using presentation compiler with project's scala-library version: 3.3.6
2025.10.11 11:35:12 INFO  no build target found for /Users/jonathangallus/WebApps/blackjack-wa/build.sbt. Using presentation compiler with project's scala-library version: 3.3.6
2025.10.11 11:35:16 INFO  no build target found for /Users/jonathangallus/WebApps/blackjack-wa/build.sbt. Using presentation compiler with project's scala-library version: 3.3.6
2025.10.11 11:35:20 INFO  no build target found for /Users/jonathangallus/WebApps/blackjack-wa/build.sbt. Using presentation compiler with project's scala-library version: 3.3.6
2025.10.11 11:35:20 INFO  no build target found for /Users/jonathangallus/WebApps/blackjack-wa/build.sbt. Using presentation compiler with project's scala-library version: 3.3.6
2025.10.11 11:35:20 INFO  no build target found for /Users/jonathangallus/WebApps/blackjack-wa/build.sbt. Using presentation compiler with project's scala-library version: 3.3.6
2025.10.11 11:35:21 INFO  no build target found for /Users/jonathangallus/WebApps/blackjack-wa/build.sbt. Using presentation compiler with project's scala-library version: 3.3.6
2025.10.11 11:35:25 INFO  no build target found for /Users/jonathangallus/WebApps/blackjack-wa/blackjack/build.sbt. Using presentation compiler with project's scala-library version: 3.3.6
2025.10.11 11:35:33 INFO  no build target found for /Users/jonathangallus/WebApps/blackjack-wa/blackjack/build.sbt. Using presentation compiler with project's scala-library version: 3.3.6
2025.10.11 11:35:34 INFO  no build target found for /Users/jonathangallus/WebApps/blackjack-wa/blackjack/build.sbt. Using presentation compiler with project's scala-library version: 3.3.6
2025.10.11 11:35:34 INFO  no build target found for /Users/jonathangallus/WebApps/blackjack-wa/blackjack/build.sbt. Using presentation compiler with project's scala-library version: 3.3.6
2025.10.11 11:35:35 INFO  no build target found for /Users/jonathangallus/WebApps/blackjack-wa/blackjack/build.sbt. Using presentation compiler with project's scala-library version: 3.3.6
2025.10.11 11:35:37 INFO  no build target found for /Users/jonathangallus/WebApps/blackjack-wa/blackjack/build.sbt. Using presentation compiler with project's scala-library version: 3.3.6
2025.10.11 11:35:37 INFO  no build target found for /Users/jonathangallus/WebApps/blackjack-wa/blackjack/build.sbt. Using presentation compiler with project's scala-library version: 3.3.6
2025.10.11 11:35:37 INFO  no build target found for /Users/jonathangallus/WebApps/blackjack-wa/blackjack/build.sbt. Using presentation compiler with project's scala-library version: 3.3.6
2025.10.11 11:35:38 INFO  no build target found for /Users/jonathangallus/WebApps/blackjack-wa/blackjack/build.sbt. Using presentation compiler with project's scala-library version: 3.3.6
2025.10.11 11:35:37 INFO  no build target found for /Users/jonathangallus/WebApps/blackjack-wa/blackjack/build.sbt. Using presentation compiler with project's scala-library version: 3.3.6
2025.10.11 11:35:38 INFO  no build target found for /Users/jonathangallus/WebApps/blackjack-wa/blackjack/build.sbt. Using presentation compiler with project's scala-library version: 3.3.6
2025.10.11 11:35:38 INFO  no build target found for /Users/jonathangallus/WebApps/blackjack-wa/blackjack/build.sbt. Using presentation compiler with project's scala-library version: 3.3.6
2025.10.11 11:35:38 INFO  no build target found for /Users/jonathangallus/WebApps/blackjack-wa/blackjack/build.sbt. Using presentation compiler with project's scala-library version: 3.3.6
2025.10.11 11:35:38 INFO  no build target found for /Users/jonathangallus/WebApps/blackjack-wa/blackjack/build.sbt. Using presentation compiler with project's scala-library version: 3.3.6
2025.10.11 11:35:41 INFO  no build target found for /Users/jonathangallus/WebApps/blackjack-wa/blackjack/build.sbt. Using presentation compiler with project's scala-library version: 3.3.6
2025.10.11 11:35:41 INFO  no build target found for /Users/jonathangallus/WebApps/blackjack-wa/blackjack/build.sbt. Using presentation compiler with project's scala-library version: 3.3.6
2025.10.11 11:35:41 INFO  no build target found for /Users/jonathangallus/WebApps/blackjack-wa/blackjack/build.sbt. Using presentation compiler with project's scala-library version: 3.3.6
2025.10.11 11:35:41 INFO  no build target found for /Users/jonathangallus/WebApps/blackjack-wa/blackjack/build.sbt. Using presentation compiler with project's scala-library version: 3.3.6
2025.10.11 11:35:41 INFO  no build target found for /Users/jonathangallus/WebApps/blackjack-wa/blackjack/build.sbt. Using presentation compiler with project's scala-library version: 3.3.6
2025.10.11 11:35:41 INFO  no build target found for /Users/jonathangallus/WebApps/blackjack-wa/blackjack/build.sbt. Using presentation compiler with project's scala-library version: 3.3.6
2025.10.11 11:35:41 INFO  no build target found for /Users/jonathangallus/WebApps/blackjack-wa/blackjack/build.sbt. Using presentation compiler with project's scala-library version: 3.3.6
2025.10.11 11:35:41 INFO  no build target found for /Users/jonathangallus/WebApps/blackjack-wa/blackjack/build.sbt. Using presentation compiler with project's scala-library version: 3.3.6
2025.10.11 11:35:49 WARN  no build target for: /Users/jonathangallus/WebApps/blackjack-wa/build.sbt
2025.10.11 11:35:49 INFO  no build target found for /Users/jonathangallus/WebApps/blackjack-wa/build.sbt. Using presentation compiler with project's scala-library version: 3.3.6
2025.10.11 11:35:51 INFO  no build target found for /Users/jonathangallus/WebApps/blackjack-wa/build.sbt. Using presentation compiler with project's scala-library version: 3.3.6
2025.10.11 11:35:52 INFO  no build target found for /Users/jonathangallus/WebApps/blackjack-wa/build.sbt. Using presentation compiler with project's scala-library version: 3.3.6
2025.10.11 11:35:51 INFO  no build target found for /Users/jonathangallus/WebApps/blackjack-wa/build.sbt. Using presentation compiler with project's scala-library version: 3.3.6
2025.10.11 11:35:55 WARN  no build target for: /Users/jonathangallus/WebApps/blackjack-wa/blackjack/build.sbt
2025.10.11 11:35:55 INFO  no build target found for /Users/jonathangallus/WebApps/blackjack-wa/blackjack/build.sbt. Using presentation compiler with project's scala-library version: 3.3.6
2025.10.11 11:36:07 INFO  no build target found for /Users/jonathangallus/WebApps/blackjack-wa/blackjack/build.sbt. Using presentation compiler with project's scala-library version: 3.3.6
2025.10.11 11:36:07 WARN  no build target for: /Users/jonathangallus/WebApps/blackjack-wa/build.sbt
2025.10.11 11:36:07 INFO  no build target found for /Users/jonathangallus/WebApps/blackjack-wa/build.sbt. Using presentation compiler with project's scala-library version: 3.3.6
2025.10.11 11:36:08 INFO  no build target found for /Users/jonathangallus/WebApps/blackjack-wa/build.sbt. Using presentation compiler with project's scala-library version: 3.3.6
2025.10.11 11:36:12 WARN  no build target for: /Users/jonathangallus/WebApps/blackjack-wa/build.sbt
2025.10.11 11:36:12 INFO  no build target found for /Users/jonathangallus/WebApps/blackjack-wa/build.sbt. Using presentation compiler with project's scala-library version: 3.3.6
2025.10.11 11:36:12 INFO  no build target found for /Users/jonathangallus/WebApps/blackjack-wa/build.sbt. Using presentation compiler with project's scala-library version: 3.3.6
2025.10.11 11:36:12 INFO  no build target found for /Users/jonathangallus/WebApps/blackjack-wa/build.sbt. Using presentation compiler with project's scala-library version: 3.3.6
2025.10.11 11:36:13 INFO  no build target found for /Users/jonathangallus/WebApps/blackjack-wa/build.sbt. Using presentation compiler with project's scala-library version: 3.3.6
2025.10.11 11:36:56 INFO  no build target found for /Users/jonathangallus/WebApps/blackjack-wa/build.sbt. Using presentation compiler with project's scala-library version: 3.3.6
2025.10.11 11:36:56 INFO  no build target found for /Users/jonathangallus/WebApps/blackjack-wa/build.sbt. Using presentation compiler with project's scala-library version: 3.3.6
2025.10.11 11:37:19 INFO  no build target found for /Users/jonathangallus/WebApps/blackjack-wa/build.sbt. Using presentation compiler with project's scala-library version: 3.3.6
2025.10.11 11:37:44 INFO  no build target found for /Users/jonathangallus/WebApps/blackjack-wa/build.sbt. Using presentation compiler with project's scala-library version: 3.3.6
2025.10.11 11:37:47 INFO  no build target found for /Users/jonathangallus/WebApps/blackjack-wa/build.sbt. Using presentation compiler with project's scala-library version: 3.3.6
2025.10.11 11:37:47 INFO  no build target found for /Users/jonathangallus/WebApps/blackjack-wa/build.sbt. Using presentation compiler with project's scala-library version: 3.3.6
2025.10.11 11:37:49 INFO  no build target found for /Users/jonathangallus/WebApps/blackjack-wa/build.sbt. Using presentation compiler with project's scala-library version: 3.3.6
2025.10.11 11:37:49 INFO  no build target found for /Users/jonathangallus/WebApps/blackjack-wa/build.sbt. Using presentation compiler with project's scala-library version: 3.3.6
2025.10.11 11:37:51 INFO  no build target found for /Users/jonathangallus/WebApps/blackjack-wa/build.sbt. Using presentation compiler with project's scala-library version: 3.3.6
2025.10.11 11:37:52 INFO  no build target found for /Users/jonathangallus/WebApps/blackjack-wa/build.sbt. Using presentation compiler with project's scala-library version: 3.3.6
2025.10.11 11:37:53 INFO  no build target found for /Users/jonathangallus/WebApps/blackjack-wa/build.sbt. Using presentation compiler with project's scala-library version: 3.3.6
2025.10.11 11:37:53 INFO  no build target found for /Users/jonathangallus/WebApps/blackjack-wa/build.sbt. Using presentation compiler with project's scala-library version: 3.3.6
2025.10.11 11:37:55 INFO  no build target found for /Users/jonathangallus/WebApps/blackjack-wa/build.sbt. Using presentation compiler with project's scala-library version: 3.3.6
2025.10.11 11:37:56 INFO  no build target found for /Users/jonathangallus/WebApps/blackjack-wa/build.sbt. Using presentation compiler with project's scala-library version: 3.3.6
2025.10.11 11:37:58 INFO  no build target found for /Users/jonathangallus/WebApps/blackjack-wa/build.sbt. Using presentation compiler with project's scala-library version: 3.3.6
2025.10.11 11:37:58 INFO  no build target found for /Users/jonathangallus/WebApps/blackjack-wa/build.sbt. Using presentation compiler with project's scala-library version: 3.3.6
2025.10.11 11:37:59 INFO  no build target found for /Users/jonathangallus/WebApps/blackjack-wa/build.sbt. Using presentation compiler with project's scala-library version: 3.3.6
2025.10.11 11:37:59 INFO  empty definition using pc, found symbol in pc: `<none>`. (full report at: "/Users/jonathangallus/WebApps/blackjack-wa/.metals/.reports/metals-full/2025-10-09/r_empty-definition_14-25-32-907.md")
2025.10.11 11:37:59 INFO  no build target found for /Users/jonathangallus/WebApps/blackjack-wa/build.sbt. Using presentation compiler with project's scala-library version: 3.3.6
2025.10.11 11:37:59 INFO  no build target found for /Users/jonathangallus/WebApps/blackjack-wa/build.sbt. Using presentation compiler with project's scala-library version: 3.3.6
2025.10.11 11:38:01 INFO  no build target found for /Users/jonathangallus/WebApps/blackjack-wa/build.sbt. Using presentation compiler with project's scala-library version: 3.3.6
2025.10.11 11:38:13 INFO  no build target found for /Users/jonathangallus/WebApps/blackjack-wa/blackjack/build.sbt. Using presentation compiler with project's scala-library version: 3.3.6
2025.10.11 11:38:19 INFO  no build target found for /Users/jonathangallus/WebApps/blackjack-wa/blackjack/build.sbt. Using presentation compiler with project's scala-library version: 3.3.6
2025.10.11 11:38:46 INFO  no build target found for /Users/jonathangallus/WebApps/blackjack-wa/blackjack/build.sbt. Using presentation compiler with project's scala-library version: 3.3.6
2025.10.11 11:38:53 INFO  no build target found for /Users/jonathangallus/WebApps/blackjack-wa/blackjack/build.sbt. Using presentation compiler with project's scala-library version: 3.3.6
2025.10.11 11:38:53 WARN  no build target for: /Users/jonathangallus/WebApps/blackjack-wa/build.sbt
2025.10.11 11:38:53 INFO  no build target found for /Users/jonathangallus/WebApps/blackjack-wa/build.sbt. Using presentation compiler with project's scala-library version: 3.3.6
2025.10.11 11:38:53 INFO  no build target found for /Users/jonathangallus/WebApps/blackjack-wa/build.sbt. Using presentation compiler with project's scala-library version: 3.3.6
2025.10.11 11:39:57 INFO  no build target found for /Users/jonathangallus/WebApps/blackjack-wa/build.sbt. Using presentation compiler with project's scala-library version: 3.3.6
2025.10.11 11:40:08 INFO  no build target found for /Users/jonathangallus/WebApps/blackjack-wa/build.sbt. Using presentation compiler with project's scala-library version: 3.3.6
2025.10.11 11:40:08 INFO  no build target found for /Users/jonathangallus/WebApps/blackjack-wa/build.sbt. Using presentation compiler with project's scala-library version: 3.3.6
2025.10.11 11:40:10 INFO  no build target found for /Users/jonathangallus/WebApps/blackjack-wa/build.sbt. Using presentation compiler with project's scala-library version: 3.3.6
2025.10.11 11:40:19 INFO  no build target found for /Users/jonathangallus/WebApps/blackjack-wa/build.sbt. Using presentation compiler with project's scala-library version: 3.3.6
2025.10.11 11:40:20 INFO  no build target found for /Users/jonathangallus/WebApps/blackjack-wa/build.sbt. Using presentation compiler with project's scala-library version: 3.3.6
2025.10.11 15:32:36 INFO  no build target found for /Users/jonathangallus/WebApps/blackjack-wa/build.sbt. Using presentation compiler with project's scala-library version: 3.3.6
2025.10.11 15:32:37 INFO  no build target found for /Users/jonathangallus/WebApps/blackjack-wa/build.sbt. Using presentation compiler with project's scala-library version: 3.3.6
2025.10.11 20:31:35 INFO  no build target found for /Users/jonathangallus/WebApps/blackjack-wa/build.sbt. Using presentation compiler with project's scala-library version: 3.3.6
2025.10.11 20:31:36 WARN  no build target for: /Users/jonathangallus/WebApps/blackjack-wa/app/controllers/HomeController.scala
2025.10.11 20:31:36 INFO  no build target found for /Users/jonathangallus/WebApps/blackjack-wa/app/controllers/HomeController.scala. Using presentation compiler with project's scala-library version: 3.3.6
2025.10.11 20:31:36 INFO  no build target found for /Users/jonathangallus/WebApps/blackjack-wa/app/controllers/HomeController.scala. Using presentation compiler with project's scala-library version: 3.3.6
2025.10.11 20:31:36 INFO  no build target found for /Users/jonathangallus/WebApps/blackjack-wa/app/controllers/HomeController.scala. Using presentation compiler with project's scala-library version: 3.3.6
2025.10.11 20:31:39 INFO  no build target found for /Users/jonathangallus/WebApps/blackjack-wa/app/controllers/HomeController.scala. Using presentation compiler with project's scala-library version: 3.3.6
2025.10.11 20:31:39 INFO  no build target found for /Users/jonathangallus/WebApps/blackjack-wa/app/controllers/HomeController.scala. Using presentation compiler with project's scala-library version: 3.3.6
2025.10.11 20:31:41 INFO  no build target found for /Users/jonathangallus/WebApps/blackjack-wa/app/controllers/HomeController.scala. Using presentation compiler with project's scala-library version: 3.3.6
2025.10.11 20:31:42 INFO  no build target found for /Users/jonathangallus/WebApps/blackjack-wa/app/controllers/HomeController.scala. Using presentation compiler with project's scala-library version: 3.3.6
2025.10.11 20:31:41 INFO  no build target found for /Users/jonathangallus/WebApps/blackjack-wa/app/controllers/HomeController.scala. Using presentation compiler with project's scala-library version: 3.3.6
2025.10.11 20:31:43 INFO  no build target found for /Users/jonathangallus/WebApps/blackjack-wa/app/controllers/HomeController.scala. Using presentation compiler with project's scala-library version: 3.3.6
2025.10.11 20:31:43 INFO  no build target found for /Users/jonathangallus/WebApps/blackjack-wa/app/controllers/HomeController.scala. Using presentation compiler with project's scala-library version: 3.3.6
2025.10.11 20:31:52 INFO  no build target found for /Users/jonathangallus/WebApps/blackjack-wa/app/modules/modules.BlackjackModule.scala. Using presentation compiler with project's scala-library version: 3.3.6
2025.10.11 20:31:53 INFO  no build target found for /Users/jonathangallus/WebApps/blackjack-wa/app/modules/modules.BlackjackModule.scala. Using presentation compiler with project's scala-library version: 3.3.6
2025.10.11 20:31:53 INFO  no build target found for /Users/jonathangallus/WebApps/blackjack-wa/app/modules/modules.BlackjackModule.scala. Using presentation compiler with project's scala-library version: 3.3.6
2025.10.11 20:31:55 INFO  no build target found for /Users/jonathangallus/WebApps/blackjack-wa/app/modules/modules.BlackjackModule.scala. Using presentation compiler with project's scala-library version: 3.3.6
2025.10.11 20:31:56 INFO  no build target found for /Users/jonathangallus/WebApps/blackjack-wa/app/modules/modules.BlackjackModule.scala. Using presentation compiler with project's scala-library version: 3.3.6
2025.10.11 20:31:56 INFO  no build target found for /Users/jonathangallus/WebApps/blackjack-wa/app/modules/modules.BlackjackModule.scala. Using presentation compiler with project's scala-library version: 3.3.6
2025.10.11 20:31:57 INFO  no build target found for /Users/jonathangallus/WebApps/blackjack-wa/app/modules/modules.BlackjackModule.scala. Using presentation compiler with project's scala-library version: 3.3.6
2025.10.11 20:31:57 INFO  no build target found for /Users/jonathangallus/WebApps/blackjack-wa/app/modules/modules.BlackjackModule.scala. Using presentation compiler with project's scala-library version: 3.3.6
2025.10.11 20:31:57 INFO  no build target found for /Users/jonathangallus/WebApps/blackjack-wa/app/modules/modules.BlackjackModule.scala. Using presentation compiler with project's scala-library version: 3.3.6
2025.10.11 20:31:58 INFO  no build target found for /Users/jonathangallus/WebApps/blackjack-wa/app/modules/modules.BlackjackModule.scala. Using presentation compiler with project's scala-library version: 3.3.6
2025.10.11 20:31:58 INFO  no build target found for /Users/jonathangallus/WebApps/blackjack-wa/app/modules/modules.BlackjackModule.scala. Using presentation compiler with project's scala-library version: 3.3.6
2025.10.11 20:31:58 INFO  no build target found for /Users/jonathangallus/WebApps/blackjack-wa/app/modules/modules.BlackjackModule.scala. Using presentation compiler with project's scala-library version: 3.3.6
2025.10.11 20:31:58 INFO  no build target found for /Users/jonathangallus/WebApps/blackjack-wa/app/modules/modules.BlackjackModule.scala. Using presentation compiler with project's scala-library version: 3.3.6
2025.10.11 20:31:59 INFO  no build target found for /Users/jonathangallus/WebApps/blackjack-wa/app/modules/modules.BlackjackModule.scala. Using presentation compiler with project's scala-library version: 3.3.6
2025.10.11 20:31:58 INFO  no build target found for /Users/jonathangallus/WebApps/blackjack-wa/app/modules/modules.BlackjackModule.scala. Using presentation compiler with project's scala-library version: 3.3.6
2025.10.11 20:32:00 INFO  no build target found for /Users/jonathangallus/WebApps/blackjack-wa/app/modules/modules.BlackjackModule.scala. Using presentation compiler with project's scala-library version: 3.3.6
2025.10.11 20:32:00 INFO  no build target found for /Users/jonathangallus/WebApps/blackjack-wa/app/modules/modules.BlackjackModule.scala. Using presentation compiler with project's scala-library version: 3.3.6
2025.10.11 20:32:00 INFO  no build target found for /Users/jonathangallus/WebApps/blackjack-wa/app/modules/modules.BlackjackModule.scala. Using presentation compiler with project's scala-library version: 3.3.6
2025.10.11 20:32:01 INFO  no build target found for /Users/jonathangallus/WebApps/blackjack-wa/app/modules/modules.BlackjackModule.scala. Using presentation compiler with project's scala-library version: 3.3.6
2025.10.11 20:32:01 INFO  no build target found for /Users/jonathangallus/WebApps/blackjack-wa/app/modules/modules.BlackjackModule.scala. Using presentation compiler with project's scala-library version: 3.3.6
2025.10.11 20:32:01 INFO  no build target found for /Users/jonathangallus/WebApps/blackjack-wa/app/modules/modules.BlackjackModule.scala. Using presentation compiler with project's scala-library version: 3.3.6
2025.10.11 20:32:01 INFO  no build target found for /Users/jonathangallus/WebApps/blackjack-wa/app/modules/modules.BlackjackModule.scala. Using presentation compiler with project's scala-library version: 3.3.6
2025.10.11 20:32:02 INFO  no build target found for /Users/jonathangallus/WebApps/blackjack-wa/app/modules/modules.BlackjackModule.scala. Using presentation compiler with project's scala-library version: 3.3.6
2025.10.11 20:32:02 INFO  no build target found for /Users/jonathangallus/WebApps/blackjack-wa/app/modules/modules.BlackjackModule.scala. Using presentation compiler with project's scala-library version: 3.3.6
2025.10.11 20:32:02 INFO  no build target found for /Users/jonathangallus/WebApps/blackjack-wa/app/modules/modules.BlackjackModule.scala. Using presentation compiler with project's scala-library version: 3.3.6
2025.10.11 20:32:02 INFO  no build target found for /Users/jonathangallus/WebApps/blackjack-wa/app/modules/modules.BlackjackModule.scala. Using presentation compiler with project's scala-library version: 3.3.6
2025.10.11 20:32:02 INFO  no build target found for /Users/jonathangallus/WebApps/blackjack-wa/app/modules/modules.BlackjackModule.scala. Using presentation compiler with project's scala-library version: 3.3.6
2025.10.11 20:32:03 INFO  no build target found for /Users/jonathangallus/WebApps/blackjack-wa/app/modules/modules.BlackjackModule.scala. Using presentation compiler with project's scala-library version: 3.3.6
2025.10.11 20:32:02 INFO  no build target found for /Users/jonathangallus/WebApps/blackjack-wa/app/modules/modules.BlackjackModule.scala. Using presentation compiler with project's scala-library version: 3.3.6
2025.10.11 20:32:03 INFO  no build target found for /Users/jonathangallus/WebApps/blackjack-wa/app/modules/modules.BlackjackModule.scala. Using presentation compiler with project's scala-library version: 3.3.6
2025.10.11 20:32:04 INFO  no build target found for /Users/jonathangallus/WebApps/blackjack-wa/app/modules/modules.BlackjackModule.scala. Using presentation compiler with project's scala-library version: 3.3.6
2025.10.11 20:32:04 INFO  no build target found for /Users/jonathangallus/WebApps/blackjack-wa/app/modules/modules.BlackjackModule.scala. Using presentation compiler with project's scala-library version: 3.3.6
2025.10.11 20:32:05 INFO  no build target found for /Users/jonathangallus/WebApps/blackjack-wa/app/modules/modules.BlackjackModule.scala. Using presentation compiler with project's scala-library version: 3.3.6
2025.10.11 20:32:04 INFO  no build target found for /Users/jonathangallus/WebApps/blackjack-wa/app/modules/modules.BlackjackModule.scala. Using presentation compiler with project's scala-library version: 3.3.6
2025.10.11 20:32:05 INFO  no build target found for /Users/jonathangallus/WebApps/blackjack-wa/app/modules/modules.BlackjackModule.scala. Using presentation compiler with project's scala-library version: 3.3.6
2025.10.11 20:32:06 INFO  no build target found for /Users/jonathangallus/WebApps/blackjack-wa/app/modules/modules.BlackjackModule.scala. Using presentation compiler with project's scala-library version: 3.3.6
2025.10.11 20:32:06 INFO  no build target found for /Users/jonathangallus/WebApps/blackjack-wa/app/modules/modules.BlackjackModule.scala. Using presentation compiler with project's scala-library version: 3.3.6
2025.10.11 20:32:06 WARN  no build target for: /Users/jonathangallus/WebApps/blackjack-wa/app/modules/modules.BlackjackModule.scala
2025.10.11 20:32:06 INFO  no build target found for /Users/jonathangallus/WebApps/blackjack-wa/app/modules/modules.BlackjackModule.scala. Using presentation compiler with project's scala-library version: 3.3.6
2025.10.11 20:32:19 WARN  no build target for: /Users/jonathangallus/WebApps/blackjack-wa/app/modules/modules.BlackjackModule.scala
2025.10.11 20:32:19 INFO  no build target found for /Users/jonathangallus/WebApps/blackjack-wa/app/modules/modules.BlackjackModule.scala. Using presentation compiler with project's scala-library version: 3.3.6
2025.10.11 20:32:19 INFO  no build target found for /Users/jonathangallus/WebApps/blackjack-wa/app/modules/modules.BlackjackModule.scala. Using presentation compiler with project's scala-library version: 3.3.6
2025.10.11 20:32:21 WARN  no build target for: /Users/jonathangallus/WebApps/blackjack-wa/app/controllers/HomeController.scala
2025.10.11 20:32:21 INFO  no build target found for /Users/jonathangallus/WebApps/blackjack-wa/app/controllers/HomeController.scala. Using presentation compiler with project's scala-library version: 3.3.6
2025.10.11 20:32:21 INFO  no build target found for /Users/jonathangallus/WebApps/blackjack-wa/app/controllers/HomeController.scala. Using presentation compiler with project's scala-library version: 3.3.6
2025.10.11 20:32:21 WARN  no build target for: /Users/jonathangallus/WebApps/blackjack-wa/app/controllers/HomeController.scala
2025.10.11 20:32:21 INFO  no build target found for /Users/jonathangallus/WebApps/blackjack-wa/app/controllers/HomeController.scala. Using presentation compiler with project's scala-library version: 3.3.6
2025.10.11 20:32:21 INFO  no build target found for /Users/jonathangallus/WebApps/blackjack-wa/app/controllers/HomeController.scala. Using presentation compiler with project's scala-library version: 3.3.6
2025.10.11 20:32:22 WARN  no build target for: /Users/jonathangallus/WebApps/blackjack-wa/build.sbt
2025.10.11 20:32:21 INFO  no build target found for /Users/jonathangallus/WebApps/blackjack-wa/build.sbt. Using presentation compiler with project's scala-library version: 3.3.6
2025.10.11 20:32:23 INFO  no build target found for /Users/jonathangallus/WebApps/blackjack-wa/build.sbt. Using presentation compiler with project's scala-library version: 3.3.6
2025.10.11 20:32:23 WARN  no build target for: /Users/jonathangallus/WebApps/blackjack-wa/build.sbt
2025.10.11 20:32:23 INFO  no build target found for /Users/jonathangallus/WebApps/blackjack-wa/build.sbt. Using presentation compiler with project's scala-library version: 3.3.6
2025.10.11 20:32:24 INFO  no build target found for /Users/jonathangallus/WebApps/blackjack-wa/build.sbt. Using presentation compiler with project's scala-library version: 3.3.6
2025.10.11 20:33:08 INFO  no build target found for /Users/jonathangallus/WebApps/blackjack-wa/build.sbt. Using presentation compiler with project's scala-library version: 3.3.6
2025.10.11 20:33:11 WARN  no build target for: /Users/jonathangallus/WebApps/blackjack-wa/app/controllers/HomeController.scala
2025.10.11 20:33:11 INFO  no build target found for /Users/jonathangallus/WebApps/blackjack-wa/app/controllers/HomeController.scala. Using presentation compiler with project's scala-library version: 3.3.6
2025.10.11 20:33:11 INFO  no build target found for /Users/jonathangallus/WebApps/blackjack-wa/app/controllers/HomeController.scala. Using presentation compiler with project's scala-library version: 3.3.6
2025.10.11 20:33:11 WARN  no build target for: /Users/jonathangallus/WebApps/blackjack-wa/app/modules/modules.BlackjackModule.scala
2025.10.11 20:33:11 INFO  no build target found for /Users/jonathangallus/WebApps/blackjack-wa/app/modules/modules.BlackjackModule.scala. Using presentation compiler with project's scala-library version: 3.3.6
2025.10.11 20:33:18 INFO  no build target found for /Users/jonathangallus/WebApps/blackjack-wa/blackjack/src/main/scala/controller/controllerComponent/Controller.scala. Using presentation compiler with project's scala-library version: 3.3.6
2025.10.11 20:33:18 INFO  no build target found for /Users/jonathangallus/WebApps/blackjack-wa/blackjack/src/main/scala/controller/controllerComponent/Controller.scala. Using presentation compiler with project's scala-library version: 3.3.6
2025.10.11 20:33:18 INFO  no build target found for /Users/jonathangallus/WebApps/blackjack-wa/blackjack/src/main/scala/controller/controllerComponent/Controller.scala. Using presentation compiler with project's scala-library version: 3.3.6
2025.10.11 20:33:19 INFO  no build target found for /Users/jonathangallus/WebApps/blackjack-wa/blackjack/src/main/scala/controller/controllerComponent/ControllerInterface.scala. Using presentation compiler with project's scala-library version: 3.3.6
2025.10.11 20:33:20 INFO  no build target found for /Users/jonathangallus/WebApps/blackjack-wa/blackjack/src/main/scala/controller/controllerComponent/ControllerInterface.scala. Using presentation compiler with project's scala-library version: 3.3.6
2025.10.11 20:33:26 INFO  no build target found for /Users/jonathangallus/WebApps/blackjack-wa/blackjack/src/main/scala/controller/controllerComponent/ControllerInterface.scala. Using presentation compiler with project's scala-library version: 3.3.6
2025.10.11 20:33:26 INFO  no build target found for /Users/jonathangallus/WebApps/blackjack-wa/blackjack/src/main/scala/modules.BlackjackModule.scala. Using presentation compiler with project's scala-library version: 3.3.6
2025.10.11 20:33:29 WARN  no build target for: /Users/jonathangallus/WebApps/blackjack-wa/app/modules/modules.BlackjackModule.scala
2025.10.11 20:33:29 INFO  no build target found for /Users/jonathangallus/WebApps/blackjack-wa/app/modules/modules.BlackjackModule.scala. Using presentation compiler with project's scala-library version: 3.3.6
2025.10.11 20:33:29 WARN  no build target for: /Users/jonathangallus/WebApps/blackjack-wa/app/controllers/HomeController.scala
2025.10.11 20:33:29 INFO  no build target found for /Users/jonathangallus/WebApps/blackjack-wa/app/controllers/HomeController.scala. Using presentation compiler with project's scala-library version: 3.3.6
2025.10.11 20:33:36 INFO  no build target found for /Users/jonathangallus/WebApps/blackjack-wa/app/controllers/HomeController.scala. Using presentation compiler with project's scala-library version: 3.3.6
2025.10.11 20:33:36 INFO  no build target found for /Users/jonathangallus/WebApps/blackjack-wa/app/controllers/HomeController.scala. Using presentation compiler with project's scala-library version: 3.3.6
2025.10.11 20:33:36 INFO  no build target found for /Users/jonathangallus/WebApps/blackjack-wa/app/controllers/HomeController.scala. Using presentation compiler with project's scala-library version: 3.3.6
2025.10.11 20:33:36 INFO  no build target found for /Users/jonathangallus/WebApps/blackjack-wa/app/controllers/HomeController.scala. Using presentation compiler with project's scala-library version: 3.3.6
2025.10.11 20:33:38 INFO  no build target found for /Users/jonathangallus/WebApps/blackjack-wa/app/controllers/HomeController.scala. Using presentation compiler with project's scala-library version: 3.3.6
2025.10.11 20:33:38 INFO  no build target found for /Users/jonathangallus/WebApps/blackjack-wa/app/controllers/HomeController.scala. Using presentation compiler with project's scala-library version: 3.3.6
2025.10.11 20:33:38 INFO  no build target found for /Users/jonathangallus/WebApps/blackjack-wa/app/controllers/HomeController.scala. Using presentation compiler with project's scala-library version: 3.3.6
2025.10.11 20:33:42 INFO  no build target found for /Users/jonathangallus/WebApps/blackjack-wa/app/controllers/HomeController.scala. Using presentation compiler with project's scala-library version: 3.3.6
2025.10.11 20:33:42 INFO  no build target found for /Users/jonathangallus/WebApps/blackjack-wa/app/controllers/HomeController.scala. Using presentation compiler with project's scala-library version: 3.3.6
2025.10.11 20:33:44 INFO  no build target found for /Users/jonathangallus/WebApps/blackjack-wa/app/controllers/HomeController.scala. Using presentation compiler with project's scala-library version: 3.3.6
2025.10.11 20:33:44 INFO  no build target found for /Users/jonathangallus/WebApps/blackjack-wa/app/controllers/HomeController.scala. Using presentation compiler with project's scala-library version: 3.3.6
2025.10.11 20:33:44 INFO  no build target found for /Users/jonathangallus/WebApps/blackjack-wa/app/controllers/HomeController.scala. Using presentation compiler with project's scala-library version: 3.3.6
2025.10.11 20:33:45 INFO  no build target found for /Users/jonathangallus/WebApps/blackjack-wa/app/controllers/HomeController.scala. Using presentation compiler with project's scala-library version: 3.3.6
2025.10.11 20:33:45 INFO  no build target found for /Users/jonathangallus/WebApps/blackjack-wa/app/controllers/HomeController.scala. Using presentation compiler with project's scala-library version: 3.3.6
2025.10.11 20:33:45 INFO  no build target found for /Users/jonathangallus/WebApps/blackjack-wa/app/controllers/HomeController.scala. Using presentation compiler with project's scala-library version: 3.3.6
2025.10.11 20:33:45 INFO  no build target found for /Users/jonathangallus/WebApps/blackjack-wa/app/controllers/HomeController.scala. Using presentation compiler with project's scala-library version: 3.3.6
2025.10.11 20:33:45 INFO  no build target found for /Users/jonathangallus/WebApps/blackjack-wa/app/controllers/HomeController.scala. Using presentation compiler with project's scala-library version: 3.3.6
2025.10.11 20:33:46 INFO  no build target found for /Users/jonathangallus/WebApps/blackjack-wa/app/controllers/HomeController.scala. Using presentation compiler with project's scala-library version: 3.3.6
2025.10.11 20:33:47 INFO  no build target found for /Users/jonathangallus/WebApps/blackjack-wa/app/controllers/HomeController.scala. Using presentation compiler with project's scala-library version: 3.3.6
2025.10.11 20:33:49 INFO  no build target found for /Users/jonathangallus/WebApps/blackjack-wa/app/controllers/HomeController.scala. Using presentation compiler with project's scala-library version: 3.3.6
2025.10.11 20:33:49 INFO  no build target found for /Users/jonathangallus/WebApps/blackjack-wa/app/controllers/HomeController.scala. Using presentation compiler with project's scala-library version: 3.3.6
2025.10.11 20:33:49 INFO  no build target found for /Users/jonathangallus/WebApps/blackjack-wa/app/controllers/HomeController.scala. Using presentation compiler with project's scala-library version: 3.3.6
2025.10.11 20:33:51 INFO  no build target found for /Users/jonathangallus/WebApps/blackjack-wa/app/controllers/HomeController.scala. Using presentation compiler with project's scala-library version: 3.3.6
2025.10.11 20:33:51 WARN  no build target for: /Users/jonathangallus/WebApps/blackjack-wa/app/controllers/HomeController.scala
2025.10.11 20:33:51 INFO  no build target found for /Users/jonathangallus/WebApps/blackjack-wa/app/controllers/HomeController.scala. Using presentation compiler with project's scala-library version: 3.3.6
2025.10.11 20:33:52 INFO  no build target found for /Users/jonathangallus/WebApps/blackjack-wa/app/controllers/HomeController.scala. Using presentation compiler with project's scala-library version: 3.3.6
2025.10.11 20:33:57 WARN  no build target for: /Users/jonathangallus/WebApps/blackjack-wa/app/modules/modules.BlackjackModule.scala
2025.10.11 20:33:57 INFO  no build target found for /Users/jonathangallus/WebApps/blackjack-wa/app/modules/modules.BlackjackModule.scala. Using presentation compiler with project's scala-library version: 3.3.6
2025.10.11 20:33:59 WARN  no build target for: /Users/jonathangallus/WebApps/blackjack-wa/app/controllers/HomeController.scala
2025.10.11 20:33:59 INFO  no build target found for /Users/jonathangallus/WebApps/blackjack-wa/app/controllers/HomeController.scala. Using presentation compiler with project's scala-library version: 3.3.6
2025.10.11 20:33:59 INFO  no build target found for /Users/jonathangallus/WebApps/blackjack-wa/app/controllers/HomeController.scala. Using presentation compiler with project's scala-library version: 3.3.6
2025.10.11 20:34:01 WARN  no build target for: /Users/jonathangallus/WebApps/blackjack-wa/app/controllers/HomeController.scala
2025.10.11 20:34:01 INFO  no build target found for /Users/jonathangallus/WebApps/blackjack-wa/app/controllers/HomeController.scala. Using presentation compiler with project's scala-library version: 3.3.6
2025.10.11 20:36:28 INFO  no build target found for /Users/jonathangallus/WebApps/blackjack-wa/blackjack/src/main/scala/modules.BlackjackModule.scala. Using presentation compiler with project's scala-library version: 3.3.6
2025.10.11 20:39:43 WARN  no build target for: /Users/jonathangallus/WebApps/blackjack-wa/app/modules/modules.BlackjackModule.scala
2025.10.11 20:39:43 INFO  no build target found for /Users/jonathangallus/WebApps/blackjack-wa/app/modules/modules.BlackjackModule.scala. Using presentation compiler with project's scala-library version: 3.3.6
2025.10.11 20:39:51 INFO  no build target found for /Users/jonathangallus/WebApps/blackjack-wa/app/modules/modules.BlackjackModule.scala. Using presentation compiler with project's scala-library version: 3.3.6
2025.10.11 20:39:51 INFO  no build target found for /Users/jonathangallus/WebApps/blackjack-wa/app/modules/modules.BlackjackModule.scala. Using presentation compiler with project's scala-library version: 3.3.6
2025.10.11 20:39:51 INFO  no build target found for /Users/jonathangallus/WebApps/blackjack-wa/app/modules/modules.BlackjackModule.scala. Using presentation compiler with project's scala-library version: 3.3.6
2025.10.11 20:39:51 INFO  no build target found for /Users/jonathangallus/WebApps/blackjack-wa/app/modules/modules.BlackjackModule.scala. Using presentation compiler with project's scala-library version: 3.3.6
2025.10.11 20:39:52 INFO  no build target found for /Users/jonathangallus/WebApps/blackjack-wa/app/modules/modules.BlackjackModule.scala. Using presentation compiler with project's scala-library version: 3.3.6
2025.10.11 20:39:52 WARN  no build target for: /Users/jonathangallus/WebApps/blackjack-wa/app/modules/modules.BlackjackModule.scala
2025.10.11 20:39:52 INFO  no build target found for /Users/jonathangallus/WebApps/blackjack-wa/app/modules/modules.BlackjackModule.scala. Using presentation compiler with project's scala-library version: 3.3.6
2025.10.11 20:39:53 INFO  no build target found for /Users/jonathangallus/WebApps/blackjack-wa/app/modules/modules.BlackjackModule.scala. Using presentation compiler with project's scala-library version: 3.3.6
2025.10.11 20:39:53 INFO  no build target found for /Users/jonathangallus/WebApps/blackjack-wa/app/modules/modules.BlackjackModule.scala. Using presentation compiler with project's scala-library version: 3.3.6
2025.10.11 20:39:53 INFO  no build target found for /Users/jonathangallus/WebApps/blackjack-wa/app/modules/modules.BlackjackModule.scala. Using presentation compiler with project's scala-library version: 3.3.6
2025.10.11 20:39:53 INFO  no build target found for /Users/jonathangallus/WebApps/blackjack-wa/app/modules/modules.BlackjackModule.scala. Using presentation compiler with project's scala-library version: 3.3.6
2025.10.11 20:39:54 INFO  no build target found for /Users/jonathangallus/WebApps/blackjack-wa/app/modules/modules.BlackjackModule.scala. Using presentation compiler with project's scala-library version: 3.3.6
2025.10.11 20:39:55 INFO  no build target found for /Users/jonathangallus/WebApps/blackjack-wa/app/modules/modules.BlackjackModule.scala. Using presentation compiler with project's scala-library version: 3.3.6
2025.10.11 20:39:55 WARN  no build target for: /Users/jonathangallus/WebApps/blackjack-wa/app/modules/modules.BlackjackModule.scala
2025.10.11 20:39:55 INFO  no build target found for /Users/jonathangallus/WebApps/blackjack-wa/app/modules/modules.BlackjackModule.scala. Using presentation compiler with project's scala-library version: 3.3.6
2025.10.11 20:39:55 INFO  no build target found for /Users/jonathangallus/WebApps/blackjack-wa/app/modules/modules.BlackjackModule.scala. Using presentation compiler with project's scala-library version: 3.3.6
2025.10.11 20:39:56 INFO  no build target found for /Users/jonathangallus/WebApps/blackjack-wa/app/modules/modules.BlackjackModule.scala. Using presentation compiler with project's scala-library version: 3.3.6
2025.10.11 20:39:56 INFO  no build target found for /Users/jonathangallus/WebApps/blackjack-wa/app/modules/modules.BlackjackModule.scala. Using presentation compiler with project's scala-library version: 3.3.6
2025.10.11 20:39:57 INFO  no build target found for /Users/jonathangallus/WebApps/blackjack-wa/app/modules/modules.BlackjackModule.scala. Using presentation compiler with project's scala-library version: 3.3.6
2025.10.11 20:39:58 INFO  no build target found for /Users/jonathangallus/WebApps/blackjack-wa/app/modules/modules.BlackjackModule.scala. Using presentation compiler with project's scala-library version: 3.3.6
2025.10.11 20:39:58 WARN  no build target for: /Users/jonathangallus/WebApps/blackjack-wa/app/modules/modules.BlackjackModule.scala
2025.10.11 20:39:58 INFO  no build target found for /Users/jonathangallus/WebApps/blackjack-wa/app/modules/modules.BlackjackModule.scala. Using presentation compiler with project's scala-library version: 3.3.6
2025.10.11 20:39:59 INFO  no build target found for /Users/jonathangallus/WebApps/blackjack-wa/app/modules/modules.BlackjackModule.scala. Using presentation compiler with project's scala-library version: 3.3.6
2025.10.11 20:40:16 INFO  no build target found for /Users/jonathangallus/WebApps/blackjack-wa/app/modules/modules.BlackjackModule.scala. Using presentation compiler with project's scala-library version: 3.3.6
2025.10.11 20:40:16 INFO  no build target found for /Users/jonathangallus/WebApps/blackjack-wa/app/modules/modules.BlackjackModule.scala. Using presentation compiler with project's scala-library version: 3.3.6
2025.10.11 20:40:16 INFO  no build target found for /Users/jonathangallus/WebApps/blackjack-wa/app/modules/modules.BlackjackModule.scala. Using presentation compiler with project's scala-library version: 3.3.6
2025.10.11 20:40:16 INFO  no build target found for /Users/jonathangallus/WebApps/blackjack-wa/app/modules/modules.BlackjackModule.scala. Using presentation compiler with project's scala-library version: 3.3.6
2025.10.11 20:40:17 INFO  no build target found for /Users/jonathangallus/WebApps/blackjack-wa/app/modules/modules.BlackjackModule.scala. Using presentation compiler with project's scala-library version: 3.3.6
2025.10.11 20:40:17 INFO  no build target found for /Users/jonathangallus/WebApps/blackjack-wa/app/modules/modules.BlackjackModule.scala. Using presentation compiler with project's scala-library version: 3.3.6
2025.10.11 20:40:17 INFO  no build target found for /Users/jonathangallus/WebApps/blackjack-wa/app/modules/modules.BlackjackModule.scala. Using presentation compiler with project's scala-library version: 3.3.6
2025.10.11 20:40:18 INFO  no build target found for /Users/jonathangallus/WebApps/blackjack-wa/app/modules/modules.BlackjackModule.scala. Using presentation compiler with project's scala-library version: 3.3.6
2025.10.11 20:40:19 INFO  no build target found for /Users/jonathangallus/WebApps/blackjack-wa/app/modules/modules.BlackjackModule.scala. Using presentation compiler with project's scala-library version: 3.3.6
2025.10.11 20:40:20 INFO  no build target found for /Users/jonathangallus/WebApps/blackjack-wa/app/modules/modules.BlackjackModule.scala. Using presentation compiler with project's scala-library version: 3.3.6
2025.10.11 20:40:20 INFO  no build target found for /Users/jonathangallus/WebApps/blackjack-wa/app/modules/modules.BlackjackModule.scala. Using presentation compiler with project's scala-library version: 3.3.6
2025.10.11 20:40:21 INFO  no build target found for /Users/jonathangallus/WebApps/blackjack-wa/app/modules/modules.BlackjackModule.scala. Using presentation compiler with project's scala-library version: 3.3.6
2025.10.11 20:40:21 WARN  no build target for: /Users/jonathangallus/WebApps/blackjack-wa/app/modules/modules.BlackjackModule.scala
2025.10.11 20:40:21 INFO  no build target found for /Users/jonathangallus/WebApps/blackjack-wa/app/modules/modules.BlackjackModule.scala. Using presentation compiler with project's scala-library version: 3.3.6
2025.10.11 20:40:26 INFO  no build target found for /Users/jonathangallus/WebApps/blackjack-wa/app/modules/modules.BlackjackModule.scala. Using presentation compiler with project's scala-library version: 3.3.6
2025.10.11 20:40:26 INFO  no build target found for /Users/jonathangallus/WebApps/blackjack-wa/app/modules/modules.BlackjackModule.scala. Using presentation compiler with project's scala-library version: 3.3.6
2025.10.11 20:40:28 INFO  no build target found for /Users/jonathangallus/WebApps/blackjack-wa/app/modules/modules.BlackjackModule.scala. Using presentation compiler with project's scala-library version: 3.3.6
2025.10.11 20:40:29 INFO  no build target found for /Users/jonathangallus/WebApps/blackjack-wa/app/modules/modules.BlackjackModule.scala. Using presentation compiler with project's scala-library version: 3.3.6
2025.10.11 20:40:29 INFO  no build target found for /Users/jonathangallus/WebApps/blackjack-wa/app/modules/modules.BlackjackModule.scala. Using presentation compiler with project's scala-library version: 3.3.6
2025.10.11 20:40:30 INFO  no build target found for /Users/jonathangallus/WebApps/blackjack-wa/app/modules/modules.BlackjackModule.scala. Using presentation compiler with project's scala-library version: 3.3.6
2025.10.11 20:40:33 WARN  no build target for: /Users/jonathangallus/WebApps/blackjack-wa/app/modules/modules.BlackjackModule.scala
2025.10.11 20:40:33 INFO  no build target found for /Users/jonathangallus/WebApps/blackjack-wa/app/modules/modules.BlackjackModule.scala. Using presentation compiler with project's scala-library version: 3.3.6
2025.10.11 20:40:33 INFO  no build target found for /Users/jonathangallus/WebApps/blackjack-wa/app/modules/modules.BlackjackModule.scala. Using presentation compiler with project's scala-library version: 3.3.6
2025.10.11 20:42:02 INFO  no build target found for /Users/jonathangallus/WebApps/blackjack-wa/app/modules/modules.BlackjackModule.scala. Using presentation compiler with project's scala-library version: 3.3.6
2025.10.12 02:15:48 WARN  no build target for: /Users/jonathangallus/WebApps/blackjack-wa/app/controllers/HomeController.scala
2025.10.12 02:15:48 INFO  no build target found for /Users/jonathangallus/WebApps/blackjack-wa/app/controllers/HomeController.scala. Using presentation compiler with project's scala-library version: 3.3.6
2025.10.12 02:16:27 INFO  no build target found for /Users/jonathangallus/WebApps/blackjack-wa/app/controllers/HomeController.scala. Using presentation compiler with project's scala-library version: 3.3.6
2025.10.12 02:16:32 INFO  no build target found for /Users/jonathangallus/WebApps/blackjack-wa/app/controllers/HomeController.scala. Using presentation compiler with project's scala-library version: 3.3.6
2025.10.12 02:16:32 INFO  no build target found for /Users/jonathangallus/WebApps/blackjack-wa/app/controllers/HomeController.scala. Using presentation compiler with project's scala-library version: 3.3.6
2025.10.12 02:16:36 INFO  no build target found for /Users/jonathangallus/WebApps/blackjack-wa/app/controllers/HomeController.scala. Using presentation compiler with project's scala-library version: 3.3.6
2025.10.12 02:16:38 INFO  no build target found for /Users/jonathangallus/WebApps/blackjack-wa/app/controllers/HomeController.scala. Using presentation compiler with project's scala-library version: 3.3.6
2025.10.12 02:16:39 INFO  no build target found for /Users/jonathangallus/WebApps/blackjack-wa/app/controllers/HomeController.scala. Using presentation compiler with project's scala-library version: 3.3.6
2025.10.12 02:16:40 INFO  no build target found for /Users/jonathangallus/WebApps/blackjack-wa/app/controllers/HomeController.scala. Using presentation compiler with project's scala-library version: 3.3.6
2025.10.12 02:16:41 WARN  no build target for: /Users/jonathangallus/WebApps/blackjack-wa/app/controllers/HomeController.scala
2025.10.12 02:16:41 INFO  no build target found for /Users/jonathangallus/WebApps/blackjack-wa/app/controllers/HomeController.scala. Using presentation compiler with project's scala-library version: 3.3.6
2025.10.12 02:16:40 INFO  no build target found for /Users/jonathangallus/WebApps/blackjack-wa/app/controllers/HomeController.scala. Using presentation compiler with project's scala-library version: 3.3.6
2025.10.12 02:16:45 INFO  no build target found for /Users/jonathangallus/WebApps/blackjack-wa/app/controllers/HomeController.scala. Using presentation compiler with project's scala-library version: 3.3.6
2025.10.12 02:16:45 INFO  no build target found for /Users/jonathangallus/WebApps/blackjack-wa/app/controllers/HomeController.scala. Using presentation compiler with project's scala-library version: 3.3.6
2025.10.12 02:16:50 INFO  no build target found for /Users/jonathangallus/WebApps/blackjack-wa/app/controllers/HomeController.scala. Using presentation compiler with project's scala-library version: 3.3.6
2025.10.12 02:16:50 INFO  no build target found for /Users/jonathangallus/WebApps/blackjack-wa/app/controllers/HomeController.scala. Using presentation compiler with project's scala-library version: 3.3.6
2025.10.12 02:16:58 INFO  no build target found for /Users/jonathangallus/WebApps/blackjack-wa/app/controllers/HomeController.scala. Using presentation compiler with project's scala-library version: 3.3.6
2025.10.12 02:16:59 INFO  no build target found for /Users/jonathangallus/WebApps/blackjack-wa/app/controllers/HomeController.scala. Using presentation compiler with project's scala-library version: 3.3.6
2025.10.12 02:17:04 WARN  no build target for: /Users/jonathangallus/WebApps/blackjack-wa/app/controllers/HomeController.scala
2025.10.12 02:17:04 INFO  no build target found for /Users/jonathangallus/WebApps/blackjack-wa/app/controllers/HomeController.scala. Using presentation compiler with project's scala-library version: 3.3.6
2025.10.12 02:17:04 INFO  no build target found for /Users/jonathangallus/WebApps/blackjack-wa/app/controllers/HomeController.scala. Using presentation compiler with project's scala-library version: 3.3.6
2025.10.12 02:17:04 INFO  no build target found for /Users/jonathangallus/WebApps/blackjack-wa/app/controllers/HomeController.scala. Using presentation compiler with project's scala-library version: 3.3.6
2025.10.12 02:17:46 INFO  no build target found for /Users/jonathangallus/WebApps/blackjack-wa/app/controllers/HomeController.scala. Using presentation compiler with project's scala-library version: 3.3.6
2025.10.12 02:17:46 INFO  no build target found for /Users/jonathangallus/WebApps/blackjack-wa/app/controllers/HomeController.scala. Using presentation compiler with project's scala-library version: 3.3.6
2025.10.12 02:17:46 INFO  no build target found for /Users/jonathangallus/WebApps/blackjack-wa/app/controllers/HomeController.scala. Using presentation compiler with project's scala-library version: 3.3.6
2025.10.12 02:17:47 INFO  no build target found for /Users/jonathangallus/WebApps/blackjack-wa/app/controllers/HomeController.scala. Using presentation compiler with project's scala-library version: 3.3.6
2025.10.12 02:17:48 WARN  no build target for: /Users/jonathangallus/WebApps/blackjack-wa/app/controllers/HomeController.scala
2025.10.12 02:17:48 INFO  no build target found for /Users/jonathangallus/WebApps/blackjack-wa/app/controllers/HomeController.scala. Using presentation compiler with project's scala-library version: 3.3.6
2025.10.12 02:17:48 INFO  no build target found for /Users/jonathangallus/WebApps/blackjack-wa/app/controllers/HomeController.scala. Using presentation compiler with project's scala-library version: 3.3.6
2025.10.12 02:20:18 INFO  no build target found for /Users/jonathangallus/WebApps/blackjack-wa/app/controllers/HomeController.scala. Using presentation compiler with project's scala-library version: 3.3.6
2025.10.12 02:20:18 INFO  no build target found for /Users/jonathangallus/WebApps/blackjack-wa/app/controllers/HomeController.scala. Using presentation compiler with project's scala-library version: 3.3.6
2025.10.12 02:20:18 INFO  no build target found for /Users/jonathangallus/WebApps/blackjack-wa/app/controllers/HomeController.scala. Using presentation compiler with project's scala-library version: 3.3.6
2025.10.12 02:20:19 INFO  no build target found for /Users/jonathangallus/WebApps/blackjack-wa/app/controllers/HomeController.scala. Using presentation compiler with project's scala-library version: 3.3.6
2025.10.12 02:20:19 INFO  no build target found for /Users/jonathangallus/WebApps/blackjack-wa/app/controllers/HomeController.scala. Using presentation compiler with project's scala-library version: 3.3.6
2025.10.12 02:20:19 INFO  no build target found for /Users/jonathangallus/WebApps/blackjack-wa/app/controllers/HomeController.scala. Using presentation compiler with project's scala-library version: 3.3.6
2025.10.12 02:20:19 INFO  no build target found for /Users/jonathangallus/WebApps/blackjack-wa/app/controllers/HomeController.scala. Using presentation compiler with project's scala-library version: 3.3.6
2025.10.12 02:20:21 INFO  no build target found for /Users/jonathangallus/WebApps/blackjack-wa/app/controllers/HomeController.scala. Using presentation compiler with project's scala-library version: 3.3.6
2025.10.12 02:20:21 INFO  no build target found for /Users/jonathangallus/WebApps/blackjack-wa/app/controllers/HomeController.scala. Using presentation compiler with project's scala-library version: 3.3.6
2025.10.12 02:20:21 INFO  no build target found for /Users/jonathangallus/WebApps/blackjack-wa/app/controllers/HomeController.scala. Using presentation compiler with project's scala-library version: 3.3.6
2025.10.12 02:20:22 INFO  no build target found for /Users/jonathangallus/WebApps/blackjack-wa/app/controllers/HomeController.scala. Using presentation compiler with project's scala-library version: 3.3.6
2025.10.12 02:20:22 INFO  no build target found for /Users/jonathangallus/WebApps/blackjack-wa/app/controllers/HomeController.scala. Using presentation compiler with project's scala-library version: 3.3.6
2025.10.12 02:20:22 INFO  no build target found for /Users/jonathangallus/WebApps/blackjack-wa/app/controllers/HomeController.scala. Using presentation compiler with project's scala-library version: 3.3.6
2025.10.12 02:20:22 INFO  no build target found for /Users/jonathangallus/WebApps/blackjack-wa/app/controllers/HomeController.scala. Using presentation compiler with project's scala-library version: 3.3.6
2025.10.12 02:20:22 INFO  no build target found for /Users/jonathangallus/WebApps/blackjack-wa/app/controllers/HomeController.scala. Using presentation compiler with project's scala-library version: 3.3.6
2025.10.12 02:20:22 INFO  no build target found for /Users/jonathangallus/WebApps/blackjack-wa/app/controllers/HomeController.scala. Using presentation compiler with project's scala-library version: 3.3.6
2025.10.12 02:20:22 INFO  no build target found for /Users/jonathangallus/WebApps/blackjack-wa/app/controllers/HomeController.scala. Using presentation compiler with project's scala-library version: 3.3.6
2025.10.12 02:20:23 INFO  no build target found for /Users/jonathangallus/WebApps/blackjack-wa/app/controllers/HomeController.scala. Using presentation compiler with project's scala-library version: 3.3.6
2025.10.12 02:20:23 INFO  no build target found for /Users/jonathangallus/WebApps/blackjack-wa/app/controllers/HomeController.scala. Using presentation compiler with project's scala-library version: 3.3.6
2025.10.12 02:20:23 INFO  no build target found for /Users/jonathangallus/WebApps/blackjack-wa/app/controllers/HomeController.scala. Using presentation compiler with project's scala-library version: 3.3.6
2025.10.12 02:20:24 WARN  no build target for: /Users/jonathangallus/WebApps/blackjack-wa/app/controllers/HomeController.scala
2025.10.12 02:20:24 INFO  no build target found for /Users/jonathangallus/WebApps/blackjack-wa/app/controllers/HomeController.scala. Using presentation compiler with project's scala-library version: 3.3.6
2025.10.12 02:20:24 INFO  no build target found for /Users/jonathangallus/WebApps/blackjack-wa/app/controllers/HomeController.scala. Using presentation compiler with project's scala-library version: 3.3.6
2025.10.12 02:21:10 INFO  no build target found for /Users/jonathangallus/WebApps/blackjack-wa/blackjack/src/main/scala/model/gameComponent/Game.scala. Using presentation compiler with project's scala-library version: 3.3.6
2025.10.12 02:21:10 INFO  no build target found for /Users/jonathangallus/WebApps/blackjack-wa/blackjack/src/main/scala/model/gameComponent/Game.scala. Using presentation compiler with project's scala-library version: 3.3.6
2025.10.12 02:21:34 INFO  no build target found for /Users/jonathangallus/WebApps/blackjack-wa/blackjack/src/main/scala/model/gameComponent/Game.scala. Using presentation compiler with project's scala-library version: 3.3.6
2025.10.12 02:22:02 INFO  no build target found for /Users/jonathangallus/WebApps/blackjack-wa/blackjack/src/main/scala/model/gameComponent/Game.scala. Using presentation compiler with project's scala-library version: 3.3.6
2025.10.12 02:22:04 WARN  no build target for: /Users/jonathangallus/WebApps/blackjack-wa/app/controllers/HomeController.scala
2025.10.12 02:22:04 INFO  no build target found for /Users/jonathangallus/WebApps/blackjack-wa/app/controllers/HomeController.scala. Using presentation compiler with project's scala-library version: 3.3.6
2025.10.12 02:22:04 INFO  no build target found for /Users/jonathangallus/WebApps/blackjack-wa/app/controllers/HomeController.scala. Using presentation compiler with project's scala-library version: 3.3.6
2025.10.12 02:22:04 INFO  no build target found for /Users/jonathangallus/WebApps/blackjack-wa/app/controllers/HomeController.scala. Using presentation compiler with project's scala-library version: 3.3.6
2025.10.12 02:22:05 INFO  no build target found for /Users/jonathangallus/WebApps/blackjack-wa/app/controllers/HomeController.scala. Using presentation compiler with project's scala-library version: 3.3.6
2025.10.12 02:22:05 INFO  no build target found for /Users/jonathangallus/WebApps/blackjack-wa/app/controllers/HomeController.scala. Using presentation compiler with project's scala-library version: 3.3.6
2025.10.12 02:22:05 INFO  no build target found for /Users/jonathangallus/WebApps/blackjack-wa/app/controllers/HomeController.scala. Using presentation compiler with project's scala-library version: 3.3.6
2025.10.12 02:22:06 INFO  no build target found for /Users/jonathangallus/WebApps/blackjack-wa/app/controllers/HomeController.scala. Using presentation compiler with project's scala-library version: 3.3.6
2025.10.12 02:22:06 INFO  no build target found for /Users/jonathangallus/WebApps/blackjack-wa/app/controllers/HomeController.scala. Using presentation compiler with project's scala-library version: 3.3.6
2025.10.12 02:22:07 INFO  no build target found for /Users/jonathangallus/WebApps/blackjack-wa/app/controllers/HomeController.scala. Using presentation compiler with project's scala-library version: 3.3.6
2025.10.12 02:22:07 INFO  no build target found for /Users/jonathangallus/WebApps/blackjack-wa/app/controllers/HomeController.scala. Using presentation compiler with project's scala-library version: 3.3.6
2025.10.12 02:22:08 INFO  no build target found for /Users/jonathangallus/WebApps/blackjack-wa/app/controllers/HomeController.scala. Using presentation compiler with project's scala-library version: 3.3.6
2025.10.12 02:22:09 INFO  no build target found for /Users/jonathangallus/WebApps/blackjack-wa/app/controllers/HomeController.scala. Using presentation compiler with project's scala-library version: 3.3.6
2025.10.12 02:22:09 WARN  no build target for: /Users/jonathangallus/WebApps/blackjack-wa/app/controllers/HomeController.scala
2025.10.12 02:22:09 INFO  no build target found for /Users/jonathangallus/WebApps/blackjack-wa/app/controllers/HomeController.scala. Using presentation compiler with project's scala-library version: 3.3.6
2025.10.12 02:51:09 INFO  no build target found for /Users/jonathangallus/WebApps/blackjack-wa/app/controllers/HomeController.scala. Using presentation compiler with project's scala-library version: 3.3.6
2025.10.12 02:51:10 INFO  Shutting down server
2025.10.12 02:51:10 INFO  shutting down Metals
2025.10.12 02:51:10 INFO  Exiting server
2025.10.13 17:07:37 INFO  Started: Metals version 1.6.2 in folders '/Users/jonathangallus/WebApps/blackjack-wa' for client Cursor 1.99.3.
2025.10.13 17:07:37 INFO  no build target found for /Users/jonathangallus/WebApps/blackjack-wa/app/controllers/HomeController.scala. Using presentation compiler with project's scala-library version: 3.3.6
2025.10.14 22:08:59 WARN  no build target for: /Users/jonathangallus/WebApps/blackjack-wa/app/controllers/HomeController.scala
2025.10.14 22:08:59 INFO  no build target found for /Users/jonathangallus/WebApps/blackjack-wa/app/controllers/HomeController.scala. Using presentation compiler with project's scala-library version: 3.3.6
2025.10.14 22:08:59 INFO  no build target found for /Users/jonathangallus/WebApps/blackjack-wa/app/controllers/HomeController.scala. Using presentation compiler with project's scala-library version: 3.3.6
2025.10.14 22:09:38 INFO  no build target found for /Users/jonathangallus/WebApps/blackjack-wa/app/controllers/HomeController.scala. Using presentation compiler with project's scala-library version: 3.3.6
2025.10.14 22:09:45 INFO  no build target found for /Users/jonathangallus/WebApps/blackjack-wa/app/modules/modules.BlackjackModule.scala. Using presentation compiler with project's scala-library version: 3.3.6
2025.10.14 22:10:27 INFO  no build target found for /Users/jonathangallus/WebApps/blackjack-wa/app/modules/modules.BlackjackModule.scala. Using presentation compiler with project's scala-library version: 3.3.6
2025.10.14 22:10:50 INFO  no build target found for /Users/jonathangallus/WebApps/blackjack-wa/app/modules/modules.BlackjackModule.scala. Using presentation compiler with project's scala-library version: 3.3.6
2025.10.14 22:10:51 WARN  no build target for: /Users/jonathangallus/WebApps/blackjack-wa/app/controllers/HomeController.scala
2025.10.14 22:10:51 INFO  no build target found for /Users/jonathangallus/WebApps/blackjack-wa/app/controllers/HomeController.scala. Using presentation compiler with project's scala-library version: 3.3.6
2025.10.14 22:10:51 INFO  no build target found for /Users/jonathangallus/WebApps/blackjack-wa/app/controllers/HomeController.scala. Using presentation compiler with project's scala-library version: 3.3.6
2025.10.14 22:10:54 INFO  no build target found for /Users/jonathangallus/WebApps/blackjack-wa/app/controllers/HomeController.scala. Using presentation compiler with project's scala-library version: 3.3.6
2025.10.14 22:10:57 INFO  no build target found for /Users/jonathangallus/WebApps/blackjack-wa/app/controllers/HomeController.scala. Using presentation compiler with project's scala-library version: 3.3.6
2025.10.14 22:11:06 INFO  no build target found for /Users/jonathangallus/WebApps/blackjack-wa/app/controllers/HomeController.scala. Using presentation compiler with project's scala-library version: 3.3.6
2025.10.14 22:11:08 INFO  no build target found for /Users/jonathangallus/WebApps/blackjack-wa/app/controllers/HomeController.scala. Using presentation compiler with project's scala-library version: 3.3.6
2025.10.14 22:11:08 INFO  no build target found for /Users/jonathangallus/WebApps/blackjack-wa/app/controllers/HomeController.scala. Using presentation compiler with project's scala-library version: 3.3.6
2025.10.14 22:11:08 INFO  no build target found for /Users/jonathangallus/WebApps/blackjack-wa/app/controllers/HomeController.scala. Using presentation compiler with project's scala-library version: 3.3.6
2025.10.14 22:11:10 INFO  no build target found for /Users/jonathangallus/WebApps/blackjack-wa/app/controllers/HomeController.scala. Using presentation compiler with project's scala-library version: 3.3.6
2025.10.14 22:11:10 INFO  no build target found for /Users/jonathangallus/WebApps/blackjack-wa/app/controllers/HomeController.scala. Using presentation compiler with project's scala-library version: 3.3.6
2025.10.14 22:11:10 INFO  no build target found for /Users/jonathangallus/WebApps/blackjack-wa/app/controllers/HomeController.scala. Using presentation compiler with project's scala-library version: 3.3.6
2025.10.14 22:11:10 INFO  no build target found for /Users/jonathangallus/WebApps/blackjack-wa/app/controllers/HomeController.scala. Using presentation compiler with project's scala-library version: 3.3.6
2025.10.14 22:11:10 INFO  no build target found for /Users/jonathangallus/WebApps/blackjack-wa/app/controllers/HomeController.scala. Using presentation compiler with project's scala-library version: 3.3.6
2025.10.14 22:11:10 INFO  no build target found for /Users/jonathangallus/WebApps/blackjack-wa/app/controllers/HomeController.scala. Using presentation compiler with project's scala-library version: 3.3.6
2025.10.14 22:11:10 INFO  no build target found for /Users/jonathangallus/WebApps/blackjack-wa/app/controllers/HomeController.scala. Using presentation compiler with project's scala-library version: 3.3.6
2025.10.14 22:11:10 INFO  no build target found for /Users/jonathangallus/WebApps/blackjack-wa/app/controllers/HomeController.scala. Using presentation compiler with project's scala-library version: 3.3.6
2025.10.14 22:11:11 INFO  no build target found for /Users/jonathangallus/WebApps/blackjack-wa/app/controllers/HomeController.scala. Using presentation compiler with project's scala-library version: 3.3.6
2025.10.14 22:11:11 INFO  no build target found for /Users/jonathangallus/WebApps/blackjack-wa/app/controllers/HomeController.scala. Using presentation compiler with project's scala-library version: 3.3.6
2025.10.14 22:11:11 INFO  no build target found for /Users/jonathangallus/WebApps/blackjack-wa/app/controllers/HomeController.scala. Using presentation compiler with project's scala-library version: 3.3.6
2025.10.14 22:11:11 INFO  no build target found for /Users/jonathangallus/WebApps/blackjack-wa/app/controllers/HomeController.scala. Using presentation compiler with project's scala-library version: 3.3.6
2025.10.14 22:11:11 INFO  no build target found for /Users/jonathangallus/WebApps/blackjack-wa/app/controllers/HomeController.scala. Using presentation compiler with project's scala-library version: 3.3.6
2025.10.14 22:11:11 INFO  no build target found for /Users/jonathangallus/WebApps/blackjack-wa/app/controllers/HomeController.scala. Using presentation compiler with project's scala-library version: 3.3.6
2025.10.14 22:11:11 INFO  no build target found for /Users/jonathangallus/WebApps/blackjack-wa/app/controllers/HomeController.scala. Using presentation compiler with project's scala-library version: 3.3.6
2025.10.14 22:11:11 INFO  no build target found for /Users/jonathangallus/WebApps/blackjack-wa/app/controllers/HomeController.scala. Using presentation compiler with project's scala-library version: 3.3.6
2025.10.14 22:11:11 INFO  no build target found for /Users/jonathangallus/WebApps/blackjack-wa/app/controllers/HomeController.scala. Using presentation compiler with project's scala-library version: 3.3.6
2025.10.14 22:11:11 INFO  no build target found for /Users/jonathangallus/WebApps/blackjack-wa/app/controllers/HomeController.scala. Using presentation compiler with project's scala-library version: 3.3.6
2025.10.14 22:11:12 INFO  no build target found for /Users/jonathangallus/WebApps/blackjack-wa/app/controllers/HomeController.scala. Using presentation compiler with project's scala-library version: 3.3.6
2025.10.14 22:11:12 INFO  no build target found for /Users/jonathangallus/WebApps/blackjack-wa/app/controllers/HomeController.scala. Using presentation compiler with project's scala-library version: 3.3.6
2025.10.14 22:11:11 INFO  no build target found for /Users/jonathangallus/WebApps/blackjack-wa/app/controllers/HomeController.scala. Using presentation compiler with project's scala-library version: 3.3.6
2025.10.14 22:11:13 INFO  no build target found for /Users/jonathangallus/WebApps/blackjack-wa/app/controllers/HomeController.scala. Using presentation compiler with project's scala-library version: 3.3.6
2025.10.14 22:11:13 INFO  no build target found for /Users/jonathangallus/WebApps/blackjack-wa/app/controllers/HomeController.scala. Using presentation compiler with project's scala-library version: 3.3.6
2025.10.14 22:11:25 INFO  no build target found for /Users/jonathangallus/WebApps/blackjack-wa/app/controllers/HomeController.scala. Using presentation compiler with project's scala-library version: 3.3.6
2025.10.14 22:11:25 INFO  no build target found for /Users/jonathangallus/WebApps/blackjack-wa/app/controllers/HomeController.scala. Using presentation compiler with project's scala-library version: 3.3.6
2025.10.14 22:11:25 INFO  no build target found for /Users/jonathangallus/WebApps/blackjack-wa/app/controllers/HomeController.scala. Using presentation compiler with project's scala-library version: 3.3.6
2025.10.14 22:11:25 INFO  no build target found for /Users/jonathangallus/WebApps/blackjack-wa/app/controllers/HomeController.scala. Using presentation compiler with project's scala-library version: 3.3.6
2025.10.14 22:11:25 INFO  no build target found for /Users/jonathangallus/WebApps/blackjack-wa/app/controllers/HomeController.scala. Using presentation compiler with project's scala-library version: 3.3.6
2025.10.14 22:11:25 INFO  no build target found for /Users/jonathangallus/WebApps/blackjack-wa/app/controllers/HomeController.scala. Using presentation compiler with project's scala-library version: 3.3.6
2025.10.14 22:11:25 INFO  no build target found for /Users/jonathangallus/WebApps/blackjack-wa/app/controllers/HomeController.scala. Using presentation compiler with project's scala-library version: 3.3.6
2025.10.14 22:11:25 INFO  no build target found for /Users/jonathangallus/WebApps/blackjack-wa/app/controllers/HomeController.scala. Using presentation compiler with project's scala-library version: 3.3.6
2025.10.14 22:11:26 INFO  no build target found for /Users/jonathangallus/WebApps/blackjack-wa/app/controllers/HomeController.scala. Using presentation compiler with project's scala-library version: 3.3.6
2025.10.14 22:11:31 INFO  no build target found for /Users/jonathangallus/WebApps/blackjack-wa/app/controllers/HomeController.scala. Using presentation compiler with project's scala-library version: 3.3.6
2025.10.14 22:11:35 INFO  no build target found for /Users/jonathangallus/WebApps/blackjack-wa/app/controllers/HomeController.scala. Using presentation compiler with project's scala-library version: 3.3.6
2025.10.14 22:11:35 INFO  no build target found for /Users/jonathangallus/WebApps/blackjack-wa/app/controllers/HomeController.scala. Using presentation compiler with project's scala-library version: 3.3.6
2025.10.14 22:11:35 WARN  no build target for: /Users/jonathangallus/WebApps/blackjack-wa/app/controllers/HomeController.scala
2025.10.14 22:11:35 INFO  no build target found for /Users/jonathangallus/WebApps/blackjack-wa/app/controllers/HomeController.scala. Using presentation compiler with project's scala-library version: 3.3.6
2025.10.14 22:11:51 INFO  no build target found for /Users/jonathangallus/WebApps/blackjack-wa/app/controllers/HomeController.scala. Using presentation compiler with project's scala-library version: 3.3.6
2025.10.14 22:11:53 INFO  no build target found for /Users/jonathangallus/WebApps/blackjack-wa/app/controllers/HomeController.scala. Using presentation compiler with project's scala-library version: 3.3.6
2025.10.14 22:11:55 INFO  no build target found for /Users/jonathangallus/WebApps/blackjack-wa/app/controllers/HomeController.scala. Using presentation compiler with project's scala-library version: 3.3.6
2025.10.14 22:11:55 INFO  no build target found for /Users/jonathangallus/WebApps/blackjack-wa/app/controllers/HomeController.scala. Using presentation compiler with project's scala-library version: 3.3.6
2025.10.14 22:11:55 INFO  no build target found for /Users/jonathangallus/WebApps/blackjack-wa/app/controllers/HomeController.scala. Using presentation compiler with project's scala-library version: 3.3.6
2025.10.14 22:11:58 INFO  no build target found for /Users/jonathangallus/WebApps/blackjack-wa/app/controllers/HomeController.scala. Using presentation compiler with project's scala-library version: 3.3.6
2025.10.14 22:11:58 INFO  no build target found for /Users/jonathangallus/WebApps/blackjack-wa/app/controllers/HomeController.scala. Using presentation compiler with project's scala-library version: 3.3.6
2025.10.14 22:11:58 INFO  no build target found for /Users/jonathangallus/WebApps/blackjack-wa/app/controllers/HomeController.scala. Using presentation compiler with project's scala-library version: 3.3.6
2025.10.14 22:11:58 INFO  no build target found for /Users/jonathangallus/WebApps/blackjack-wa/app/controllers/HomeController.scala. Using presentation compiler with project's scala-library version: 3.3.6
2025.10.14 22:11:59 INFO  no build target found for /Users/jonathangallus/WebApps/blackjack-wa/app/controllers/HomeController.scala. Using presentation compiler with project's scala-library version: 3.3.6
2025.10.14 22:11:58 INFO  no build target found for /Users/jonathangallus/WebApps/blackjack-wa/app/controllers/HomeController.scala. Using presentation compiler with project's scala-library version: 3.3.6
2025.10.14 22:11:58 INFO  no build target found for /Users/jonathangallus/WebApps/blackjack-wa/app/controllers/HomeController.scala. Using presentation compiler with project's scala-library version: 3.3.6
2025.10.14 22:11:59 INFO  no build target found for /Users/jonathangallus/WebApps/blackjack-wa/app/controllers/HomeController.scala. Using presentation compiler with project's scala-library version: 3.3.6
2025.10.14 22:11:58 INFO  no build target found for /Users/jonathangallus/WebApps/blackjack-wa/app/controllers/HomeController.scala. Using presentation compiler with project's scala-library version: 3.3.6
2025.10.14 22:11:58 INFO  no build target found for /Users/jonathangallus/WebApps/blackjack-wa/app/controllers/HomeController.scala. Using presentation compiler with project's scala-library version: 3.3.6
2025.10.14 22:11:59 INFO  no build target found for /Users/jonathangallus/WebApps/blackjack-wa/app/controllers/HomeController.scala. Using presentation compiler with project's scala-library version: 3.3.6
2025.10.14 22:12:00 INFO  no build target found for /Users/jonathangallus/WebApps/blackjack-wa/app/controllers/HomeController.scala. Using presentation compiler with project's scala-library version: 3.3.6
2025.10.14 22:12:00 INFO  no build target found for /Users/jonathangallus/WebApps/blackjack-wa/app/controllers/HomeController.scala. Using presentation compiler with project's scala-library version: 3.3.6
2025.10.14 22:12:00 INFO  no build target found for /Users/jonathangallus/WebApps/blackjack-wa/app/controllers/HomeController.scala. Using presentation compiler with project's scala-library version: 3.3.6
2025.10.14 22:12:00 INFO  no build target found for /Users/jonathangallus/WebApps/blackjack-wa/app/controllers/HomeController.scala. Using presentation compiler with project's scala-library version: 3.3.6
2025.10.14 22:12:00 INFO  no build target found for /Users/jonathangallus/WebApps/blackjack-wa/app/controllers/HomeController.scala. Using presentation compiler with project's scala-library version: 3.3.6
2025.10.14 22:12:01 INFO  no build target found for /Users/jonathangallus/WebApps/blackjack-wa/app/controllers/HomeController.scala. Using presentation compiler with project's scala-library version: 3.3.6
2025.10.14 22:12:00 INFO  no build target found for /Users/jonathangallus/WebApps/blackjack-wa/app/controllers/HomeController.scala. Using presentation compiler with project's scala-library version: 3.3.6
2025.10.14 22:12:00 INFO  no build target found for /Users/jonathangallus/WebApps/blackjack-wa/app/controllers/HomeController.scala. Using presentation compiler with project's scala-library version: 3.3.6
2025.10.14 22:12:01 INFO  no build target found for /Users/jonathangallus/WebApps/blackjack-wa/app/controllers/HomeController.scala. Using presentation compiler with project's scala-library version: 3.3.6
2025.10.14 22:12:02 INFO  no build target found for /Users/jonathangallus/WebApps/blackjack-wa/app/controllers/HomeController.scala. Using presentation compiler with project's scala-library version: 3.3.6
2025.10.14 22:12:02 INFO  no build target found for /Users/jonathangallus/WebApps/blackjack-wa/app/controllers/HomeController.scala. Using presentation compiler with project's scala-library version: 3.3.6
2025.10.14 22:12:03 INFO  no build target found for /Users/jonathangallus/WebApps/blackjack-wa/app/controllers/HomeController.scala. Using presentation compiler with project's scala-library version: 3.3.6
2025.10.14 22:12:03 INFO  no build target found for /Users/jonathangallus/WebApps/blackjack-wa/app/controllers/HomeController.scala. Using presentation compiler with project's scala-library version: 3.3.6
2025.10.14 22:12:03 INFO  no build target found for /Users/jonathangallus/WebApps/blackjack-wa/app/controllers/HomeController.scala. Using presentation compiler with project's scala-library version: 3.3.6
2025.10.14 22:12:04 INFO  no build target found for /Users/jonathangallus/WebApps/blackjack-wa/app/controllers/HomeController.scala. Using presentation compiler with project's scala-library version: 3.3.6
2025.10.14 22:12:09 INFO  no build target found for /Users/jonathangallus/WebApps/blackjack-wa/app/controllers/HomeController.scala. Using presentation compiler with project's scala-library version: 3.3.6
2025.10.14 22:12:09 INFO  no build target found for /Users/jonathangallus/WebApps/blackjack-wa/app/controllers/HomeController.scala. Using presentation compiler with project's scala-library version: 3.3.6
2025.10.14 22:12:09 INFO  no build target found for /Users/jonathangallus/WebApps/blackjack-wa/app/controllers/HomeController.scala. Using presentation compiler with project's scala-library version: 3.3.6
2025.10.14 22:12:10 INFO  no build target found for /Users/jonathangallus/WebApps/blackjack-wa/app/controllers/HomeController.scala. Using presentation compiler with project's scala-library version: 3.3.6
2025.10.14 22:12:10 INFO  no build target found for /Users/jonathangallus/WebApps/blackjack-wa/app/controllers/HomeController.scala. Using presentation compiler with project's scala-library version: 3.3.6
2025.10.14 22:12:10 INFO  no build target found for /Users/jonathangallus/WebApps/blackjack-wa/app/controllers/HomeController.scala. Using presentation compiler with project's scala-library version: 3.3.6
2025.10.14 22:12:10 INFO  no build target found for /Users/jonathangallus/WebApps/blackjack-wa/app/controllers/HomeController.scala. Using presentation compiler with project's scala-library version: 3.3.6
2025.10.14 22:12:13 INFO  no build target found for /Users/jonathangallus/WebApps/blackjack-wa/app/controllers/HomeController.scala. Using presentation compiler with project's scala-library version: 3.3.6
2025.10.14 22:12:13 INFO  no build target found for /Users/jonathangallus/WebApps/blackjack-wa/app/controllers/HomeController.scala. Using presentation compiler with project's scala-library version: 3.3.6
2025.10.14 22:12:13 INFO  no build target found for /Users/jonathangallus/WebApps/blackjack-wa/app/controllers/HomeController.scala. Using presentation compiler with project's scala-library version: 3.3.6
2025.10.14 22:12:14 INFO  no build target found for /Users/jonathangallus/WebApps/blackjack-wa/app/controllers/HomeController.scala. Using presentation compiler with project's scala-library version: 3.3.6
2025.10.14 22:12:15 INFO  no build target found for /Users/jonathangallus/WebApps/blackjack-wa/app/controllers/HomeController.scala. Using presentation compiler with project's scala-library version: 3.3.6
2025.10.14 22:12:15 INFO  no build target found for /Users/jonathangallus/WebApps/blackjack-wa/app/controllers/HomeController.scala. Using presentation compiler with project's scala-library version: 3.3.6
2025.10.14 22:12:17 INFO  no build target found for /Users/jonathangallus/WebApps/blackjack-wa/app/controllers/HomeController.scala. Using presentation compiler with project's scala-library version: 3.3.6
2025.10.14 22:12:19 INFO  no build target found for /Users/jonathangallus/WebApps/blackjack-wa/app/controllers/HomeController.scala. Using presentation compiler with project's scala-library version: 3.3.6
2025.10.14 22:12:19 INFO  no build target found for /Users/jonathangallus/WebApps/blackjack-wa/app/controllers/HomeController.scala. Using presentation compiler with project's scala-library version: 3.3.6
2025.10.14 22:12:21 INFO  no build target found for /Users/jonathangallus/WebApps/blackjack-wa/app/controllers/HomeController.scala. Using presentation compiler with project's scala-library version: 3.3.6
2025.10.14 22:12:23 INFO  no build target found for /Users/jonathangallus/WebApps/blackjack-wa/app/controllers/HomeController.scala. Using presentation compiler with project's scala-library version: 3.3.6
2025.10.14 22:12:24 INFO  no build target found for /Users/jonathangallus/WebApps/blackjack-wa/app/controllers/HomeController.scala. Using presentation compiler with project's scala-library version: 3.3.6
2025.10.14 22:12:24 INFO  no build target found for /Users/jonathangallus/WebApps/blackjack-wa/app/controllers/HomeController.scala. Using presentation compiler with project's scala-library version: 3.3.6
2025.10.14 22:12:26 INFO  no build target found for /Users/jonathangallus/WebApps/blackjack-wa/app/controllers/HomeController.scala. Using presentation compiler with project's scala-library version: 3.3.6
2025.10.14 22:12:26 INFO  no build target found for /Users/jonathangallus/WebApps/blackjack-wa/app/controllers/HomeController.scala. Using presentation compiler with project's scala-library version: 3.3.6
2025.10.14 22:12:31 WARN  no build target for: /Users/jonathangallus/WebApps/blackjack-wa/app/controllers/HomeController.scala
2025.10.14 22:12:31 INFO  no build target found for /Users/jonathangallus/WebApps/blackjack-wa/app/controllers/HomeController.scala. Using presentation compiler with project's scala-library version: 3.3.6
2025.10.14 22:12:31 INFO  no build target found for /Users/jonathangallus/WebApps/blackjack-wa/app/controllers/HomeController.scala. Using presentation compiler with project's scala-library version: 3.3.6
2025.10.14 22:13:07 INFO  no build target found for /Users/jonathangallus/WebApps/blackjack-wa/app/controllers/HomeController.scala. Using presentation compiler with project's scala-library version: 3.3.6
2025.10.14 22:14:06 INFO  no build target found for /Users/jonathangallus/WebApps/blackjack-wa/blackjack/src/main/scala/Main.scala. Using presentation compiler with project's scala-library version: 3.3.6
2025.10.14 22:14:08 INFO  no build target found for /Users/jonathangallus/WebApps/blackjack-wa/blackjack/src/main/scala/Main.scala. Using presentation compiler with project's scala-library version: 3.3.6
2025.10.14 22:14:10 INFO  no build target found for /Users/jonathangallus/WebApps/blackjack-wa/blackjack/src/main/scala/Main.scala. Using presentation compiler with project's scala-library version: 3.3.6
2025.10.14 22:14:10 INFO  no build target found for /Users/jonathangallus/WebApps/blackjack-wa/blackjack/src/main/scala/Main.scala. Using presentation compiler with project's scala-library version: 3.3.6
2025.10.14 22:14:15 INFO  no build target found for /Users/jonathangallus/WebApps/blackjack-wa/app/controllers/HomeController.scala. Using presentation compiler with project's scala-library version: 3.3.6
2025.10.14 22:14:18 INFO  no build target found for /Users/jonathangallus/WebApps/blackjack-wa/app/controllers/HomeController.scala. Using presentation compiler with project's scala-library version: 3.3.6
2025.10.14 22:14:22 INFO  no build target found for /Users/jonathangallus/WebApps/blackjack-wa/app/controllers/HomeController.scala. Using presentation compiler with project's scala-library version: 3.3.6
2025.10.14 22:14:27 INFO  no build target found for /Users/jonathangallus/WebApps/blackjack-wa/app/controllers/HomeController.scala. Using presentation compiler with project's scala-library version: 3.3.6
2025.10.14 22:14:36 INFO  no build target found for /Users/jonathangallus/WebApps/blackjack-wa/app/controllers/HomeController.scala. Using presentation compiler with project's scala-library version: 3.3.6
2025.10.14 22:14:39 INFO  no build target found for /Users/jonathangallus/WebApps/blackjack-wa/app/controllers/HomeController.scala. Using presentation compiler with project's scala-library version: 3.3.6
2025.10.14 22:14:40 INFO  no build target found for /Users/jonathangallus/WebApps/blackjack-wa/app/controllers/HomeController.scala. Using presentation compiler with project's scala-library version: 3.3.6
2025.10.14 22:14:54 INFO  no build target found for /Users/jonathangallus/WebApps/blackjack-wa/app/controllers/HomeController.scala. Using presentation compiler with project's scala-library version: 3.3.6
2025.10.14 22:14:57 INFO  no build target found for /Users/jonathangallus/WebApps/blackjack-wa/app/controllers/HomeController.scala. Using presentation compiler with project's scala-library version: 3.3.6
2025.10.14 22:15:03 INFO  no build target found for /Users/jonathangallus/WebApps/blackjack-wa/app/controllers/HomeController.scala. Using presentation compiler with project's scala-library version: 3.3.6
2025.10.14 22:15:07 INFO  no build target found for /Users/jonathangallus/WebApps/blackjack-wa/app/controllers/HomeController.scala. Using presentation compiler with project's scala-library version: 3.3.6
2025.10.14 22:15:10 INFO  no build target found for /Users/jonathangallus/WebApps/blackjack-wa/app/controllers/HomeController.scala. Using presentation compiler with project's scala-library version: 3.3.6
2025.10.14 22:15:28 INFO  no build target found for /Users/jonathangallus/WebApps/blackjack-wa/app/controllers/HomeController.scala. Using presentation compiler with project's scala-library version: 3.3.6
2025.10.14 22:15:30 INFO  no build target found for /Users/jonathangallus/WebApps/blackjack-wa/app/controllers/HomeController.scala. Using presentation compiler with project's scala-library version: 3.3.6
2025.10.14 22:15:31 INFO  no build target found for /Users/jonathangallus/WebApps/blackjack-wa/app/controllers/HomeController.scala. Using presentation compiler with project's scala-library version: 3.3.6
2025.10.14 22:15:34 INFO  no build target found for /Users/jonathangallus/WebApps/blackjack-wa/app/controllers/HomeController.scala. Using presentation compiler with project's scala-library version: 3.3.6
2025.10.14 22:15:36 INFO  no build target found for /Users/jonathangallus/WebApps/blackjack-wa/app/controllers/HomeController.scala. Using presentation compiler with project's scala-library version: 3.3.6
2025.10.14 22:15:40 INFO  no build target found for /Users/jonathangallus/WebApps/blackjack-wa/app/controllers/HomeController.scala. Using presentation compiler with project's scala-library version: 3.3.6
2025.10.14 22:15:47 INFO  no build target found for /Users/jonathangallus/WebApps/blackjack-wa/app/controllers/HomeController.scala. Using presentation compiler with project's scala-library version: 3.3.6
2025.10.14 22:16:37 INFO  no build target found for /Users/jonathangallus/WebApps/blackjack-wa/app/controllers/HomeController.scala. Using presentation compiler with project's scala-library version: 3.3.6
2025.10.14 22:16:40 INFO  no build target found for /Users/jonathangallus/WebApps/blackjack-wa/app/controllers/HomeController.scala. Using presentation compiler with project's scala-library version: 3.3.6
2025.10.14 22:16:43 INFO  no build target found for /Users/jonathangallus/WebApps/blackjack-wa/app/controllers/HomeController.scala. Using presentation compiler with project's scala-library version: 3.3.6
2025.10.14 22:17:12 INFO  no build target found for /Users/jonathangallus/WebApps/blackjack-wa/app/controllers/HomeController.scala. Using presentation compiler with project's scala-library version: 3.3.6
2025.10.14 22:17:17 INFO  no build target found for /Users/jonathangallus/WebApps/blackjack-wa/app/controllers/HomeController.scala. Using presentation compiler with project's scala-library version: 3.3.6
2025.10.14 22:20:48 INFO  no build target found for /Users/jonathangallus/WebApps/blackjack-wa/app/controllers/HomeController.scala. Using presentation compiler with project's scala-library version: 3.3.6
2025.10.14 22:20:52 INFO  no build target found for /Users/jonathangallus/WebApps/blackjack-wa/app/controllers/HomeController.scala. Using presentation compiler with project's scala-library version: 3.3.6
2025.10.14 22:22:55 INFO  no build target found for /Users/jonathangallus/WebApps/blackjack-wa/app/controllers/HomeController.scala. Using presentation compiler with project's scala-library version: 3.3.6
2025.10.14 22:23:04 INFO  no build target found for /Users/jonathangallus/WebApps/blackjack-wa/app/controllers/HomeController.scala. Using presentation compiler with project's scala-library version: 3.3.6
2025.10.14 22:23:15 INFO  no build target found for /Users/jonathangallus/WebApps/blackjack-wa/app/controllers/HomeController.scala. Using presentation compiler with project's scala-library version: 3.3.6
2025.10.14 22:23:18 INFO  no build target found for /Users/jonathangallus/WebApps/blackjack-wa/app/controllers/HomeController.scala. Using presentation compiler with project's scala-library version: 3.3.6
2025.10.14 22:23:19 INFO  no build target found for /Users/jonathangallus/WebApps/blackjack-wa/app/controllers/HomeController.scala. Using presentation compiler with project's scala-library version: 3.3.6
2025.10.14 22:23:42 INFO  no build target found for /Users/jonathangallus/WebApps/blackjack-wa/app/controllers/HomeController.scala. Using presentation compiler with project's scala-library version: 3.3.6
2025.10.14 22:23:46 INFO  no build target found for /Users/jonathangallus/WebApps/blackjack-wa/app/controllers/HomeController.scala. Using presentation compiler with project's scala-library version: 3.3.6
2025.10.14 22:23:50 INFO  no build target found for /Users/jonathangallus/WebApps/blackjack-wa/app/controllers/HomeController.scala. Using presentation compiler with project's scala-library version: 3.3.6
2025.10.14 22:23:56 INFO  no build target found for /Users/jonathangallus/WebApps/blackjack-wa/app/controllers/HomeController.scala. Using presentation compiler with project's scala-library version: 3.3.6
2025.10.14 22:24:00 INFO  no build target found for /Users/jonathangallus/WebApps/blackjack-wa/app/controllers/HomeController.scala. Using presentation compiler with project's scala-library version: 3.3.6
2025.10.14 22:24:04 INFO  no build target found for /Users/jonathangallus/WebApps/blackjack-wa/app/controllers/HomeController.scala. Using presentation compiler with project's scala-library version: 3.3.6
2025.10.14 22:24:07 INFO  no build target found for /Users/jonathangallus/WebApps/blackjack-wa/app/controllers/HomeController.scala. Using presentation compiler with project's scala-library version: 3.3.6
2025.10.14 22:24:13 INFO  no build target found for /Users/jonathangallus/WebApps/blackjack-wa/app/controllers/HomeController.scala. Using presentation compiler with project's scala-library version: 3.3.6
2025.10.14 22:24:17 INFO  no build target found for /Users/jonathangallus/WebApps/blackjack-wa/app/controllers/HomeController.scala. Using presentation compiler with project's scala-library version: 3.3.6
2025.10.14 22:24:20 INFO  no build target found for /Users/jonathangallus/WebApps/blackjack-wa/app/controllers/HomeController.scala. Using presentation compiler with project's scala-library version: 3.3.6
2025.10.14 22:24:28 INFO  no build target found for /Users/jonathangallus/WebApps/blackjack-wa/app/controllers/HomeController.scala. Using presentation compiler with project's scala-library version: 3.3.6
2025.10.14 22:24:32 INFO  no build target found for /Users/jonathangallus/WebApps/blackjack-wa/app/controllers/HomeController.scala. Using presentation compiler with project's scala-library version: 3.3.6
2025.10.14 22:24:35 INFO  no build target found for /Users/jonathangallus/WebApps/blackjack-wa/app/controllers/HomeController.scala. Using presentation compiler with project's scala-library version: 3.3.6
2025.10.14 22:25:33 INFO  no build target found for /Users/jonathangallus/WebApps/blackjack-wa/app/controllers/HomeController.scala. Using presentation compiler with project's scala-library version: 3.3.6
2025.10.14 22:25:40 INFO  no build target found for /Users/jonathangallus/WebApps/blackjack-wa/app/controllers/HomeController.scala. Using presentation compiler with project's scala-library version: 3.3.6
2025.10.14 22:27:33 INFO  no build target found for /Users/jonathangallus/WebApps/blackjack-wa/app/controllers/HomeController.scala. Using presentation compiler with project's scala-library version: 3.3.6
2025.10.14 22:28:46 INFO  no build target found for /Users/jonathangallus/WebApps/blackjack-wa/app/controllers/HomeController.scala. Using presentation compiler with project's scala-library version: 3.3.6
2025.10.14 22:30:37 INFO  no build target found for /Users/jonathangallus/WebApps/blackjack-wa/app/controllers/HomeController.scala. Using presentation compiler with project's scala-library version: 3.3.6
2025.10.14 22:31:37 INFO  no build target found for /Users/jonathangallus/WebApps/blackjack-wa/app/controllers/HomeController.scala. Using presentation compiler with project's scala-library version: 3.3.6
2025.10.14 22:31:44 INFO  no build target found for /Users/jonathangallus/WebApps/blackjack-wa/app/controllers/HomeController.scala. Using presentation compiler with project's scala-library version: 3.3.6
2025.10.14 22:31:57 INFO  no build target found for /Users/jonathangallus/WebApps/blackjack-wa/app/controllers/HomeController.scala. Using presentation compiler with project's scala-library version: 3.3.6
2025.10.14 22:32:01 INFO  no build target found for /Users/jonathangallus/WebApps/blackjack-wa/app/controllers/HomeController.scala. Using presentation compiler with project's scala-library version: 3.3.6
2025.10.14 22:32:01 INFO  no build target found for /Users/jonathangallus/WebApps/blackjack-wa/app/controllers/HomeController.scala. Using presentation compiler with project's scala-library version: 3.3.6
2025.10.14 22:32:05 INFO  no build target found for /Users/jonathangallus/WebApps/blackjack-wa/app/controllers/HomeController.scala. Using presentation compiler with project's scala-library version: 3.3.6
2025.10.14 22:34:43 INFO  no build target found for /Users/jonathangallus/WebApps/blackjack-wa/app/controllers/HomeController.scala. Using presentation compiler with project's scala-library version: 3.3.6
2025.10.14 22:34:46 INFO  no build target found for /Users/jonathangallus/WebApps/blackjack-wa/app/controllers/HomeController.scala. Using presentation compiler with project's scala-library version: 3.3.6
2025.10.14 22:34:50 INFO  no build target found for /Users/jonathangallus/WebApps/blackjack-wa/app/controllers/HomeController.scala. Using presentation compiler with project's scala-library version: 3.3.6
2025.10.14 22:35:06 INFO  no build target found for /Users/jonathangallus/WebApps/blackjack-wa/app/controllers/HomeController.scala. Using presentation compiler with project's scala-library version: 3.3.6
2025.10.14 22:35:35 INFO  no build target found for /Users/jonathangallus/WebApps/blackjack-wa/app/controllers/HomeController.scala. Using presentation compiler with project's scala-library version: 3.3.6
2025.10.14 22:46:17 INFO  no build target found for /Users/jonathangallus/WebApps/blackjack-wa/app/controllers/HomeController.scala. Using presentation compiler with project's scala-library version: 3.3.6
2025.10.14 22:46:23 INFO  no build target found for /Users/jonathangallus/WebApps/blackjack-wa/app/controllers/HomeController.scala. Using presentation compiler with project's scala-library version: 3.3.6
2025.10.14 22:47:37 INFO  no build target found for /Users/jonathangallus/WebApps/blackjack-wa/app/controllers/HomeController.scala. Using presentation compiler with project's scala-library version: 3.3.6
2025.10.14 22:47:37 INFO  no build target found for /Users/jonathangallus/WebApps/blackjack-wa/app/controllers/HomeController.scala. Using presentation compiler with project's scala-library version: 3.3.6
2025.10.14 22:47:39 INFO  no build target found for /Users/jonathangallus/WebApps/blackjack-wa/app/controllers/HomeController.scala. Using presentation compiler with project's scala-library version: 3.3.6
2025.10.14 22:48:05 INFO  no build target found for /Users/jonathangallus/WebApps/blackjack-wa/app/controllers/HomeController.scala. Using presentation compiler with project's scala-library version: 3.3.6
2025.10.14 22:48:22 INFO  no build target found for /Users/jonathangallus/WebApps/blackjack-wa/app/controllers/HomeController.scala. Using presentation compiler with project's scala-library version: 3.3.6
2025.10.14 22:48:27 INFO  no build target found for /Users/jonathangallus/WebApps/blackjack-wa/app/controllers/HomeController.scala. Using presentation compiler with project's scala-library version: 3.3.6
2025.10.14 22:49:36 INFO  no build target found for /Users/jonathangallus/WebApps/blackjack-wa/app/controllers/HomeController.scala. Using presentation compiler with project's scala-library version: 3.3.6
2025.10.14 22:50:06 INFO  no build target found for /Users/jonathangallus/WebApps/blackjack-wa/app/controllers/HomeController.scala. Using presentation compiler with project's scala-library version: 3.3.6
2025.10.14 22:50:07 INFO  no build target found for /Users/jonathangallus/WebApps/blackjack-wa/app/controllers/HomeController.scala. Using presentation compiler with project's scala-library version: 3.3.6
2025.10.14 22:50:12 INFO  no build target found for /Users/jonathangallus/WebApps/blackjack-wa/app/controllers/HomeController.scala. Using presentation compiler with project's scala-library version: 3.3.6
2025.10.14 22:50:14 INFO  no build target found for /Users/jonathangallus/WebApps/blackjack-wa/app/controllers/HomeController.scala. Using presentation compiler with project's scala-library version: 3.3.6
2025.10.14 22:51:16 INFO  no build target found for /Users/jonathangallus/WebApps/blackjack-wa/app/controllers/HomeController.scala. Using presentation compiler with project's scala-library version: 3.3.6
2025.10.14 22:51:57 INFO  no build target found for /Users/jonathangallus/WebApps/blackjack-wa/app/controllers/HomeController.scala. Using presentation compiler with project's scala-library version: 3.3.6
2025.10.14 22:53:04 INFO  no build target found for /Users/jonathangallus/WebApps/blackjack-wa/app/controllers/HomeController.scala. Using presentation compiler with project's scala-library version: 3.3.6
2025.10.14 22:53:13 INFO  no build target found for /Users/jonathangallus/WebApps/blackjack-wa/app/controllers/HomeController.scala. Using presentation compiler with project's scala-library version: 3.3.6
2025.10.14 22:53:17 INFO  no build target found for /Users/jonathangallus/WebApps/blackjack-wa/app/controllers/HomeController.scala. Using presentation compiler with project's scala-library version: 3.3.6
2025.10.14 23:18:33 INFO  no build target found for /Users/jonathangallus/WebApps/blackjack-wa/app/controllers/HomeController.scala. Using presentation compiler with project's scala-library version: 3.3.6
2025.10.14 23:18:44 INFO  no build target found for /Users/jonathangallus/WebApps/blackjack-wa/app/controllers/HomeController.scala. Using presentation compiler with project's scala-library version: 3.3.6
2025.10.14 23:19:10 INFO  no build target found for /Users/jonathangallus/WebApps/blackjack-wa/app/controllers/HomeController.scala. Using presentation compiler with project's scala-library version: 3.3.6
2025.10.14 23:19:35 INFO  no build target found for /Users/jonathangallus/WebApps/blackjack-wa/app/controllers/HomeController.scala. Using presentation compiler with project's scala-library version: 3.3.6
2025.10.14 23:24:45 INFO  no build target found for /Users/jonathangallus/WebApps/blackjack-wa/app/controllers/HomeController.scala. Using presentation compiler with project's scala-library version: 3.3.6
2025.10.14 23:26:56 INFO  no build target found for /Users/jonathangallus/WebApps/blackjack-wa/app/controllers/HomeController.scala. Using presentation compiler with project's scala-library version: 3.3.6
2025.10.14 23:33:03 INFO  no build target found for /Users/jonathangallus/WebApps/blackjack-wa/app/controllers/HomeController.scala. Using presentation compiler with project's scala-library version: 3.3.6
2025.10.14 23:35:35 INFO  no build target found for /Users/jonathangallus/WebApps/blackjack-wa/app/controllers/HomeController.scala. Using presentation compiler with project's scala-library version: 3.3.6
2025.10.14 23:35:54 INFO  no build target found for /Users/jonathangallus/WebApps/blackjack-wa/app/controllers/HomeController.scala. Using presentation compiler with project's scala-library version: 3.3.6
2025.10.14 23:36:31 INFO  no build target found for /Users/jonathangallus/WebApps/blackjack-wa/app/controllers/HomeController.scala. Using presentation compiler with project's scala-library version: 3.3.6
2025.10.14 23:40:39 INFO  no build target found for /Users/jonathangallus/WebApps/blackjack-wa/app/controllers/HomeController.scala. Using presentation compiler with project's scala-library version: 3.3.6
2025.10.14 23:40:42 INFO  no build target found for /Users/jonathangallus/WebApps/blackjack-wa/app/controllers/HomeController.scala. Using presentation compiler with project's scala-library version: 3.3.6
2025.10.14 23:40:44 INFO  no build target found for /Users/jonathangallus/WebApps/blackjack-wa/app/controllers/HomeController.scala. Using presentation compiler with project's scala-library version: 3.3.6
2025.10.14 23:40:46 INFO  no build target found for /Users/jonathangallus/WebApps/blackjack-wa/app/controllers/HomeController.scala. Using presentation compiler with project's scala-library version: 3.3.6
2025.10.14 23:40:52 INFO  no build target found for /Users/jonathangallus/WebApps/blackjack-wa/app/controllers/HomeController.scala. Using presentation compiler with project's scala-library version: 3.3.6
2025.10.14 23:41:15 INFO  no build target found for /Users/jonathangallus/WebApps/blackjack-wa/app/controllers/HomeController.scala. Using presentation compiler with project's scala-library version: 3.3.6
2025.10.14 23:41:15 INFO  no build target found for /Users/jonathangallus/WebApps/blackjack-wa/app/controllers/HomeController.scala. Using presentation compiler with project's scala-library version: 3.3.6
2025.10.14 23:41:24 INFO  no build target found for /Users/jonathangallus/WebApps/blackjack-wa/app/controllers/HomeController.scala. Using presentation compiler with project's scala-library version: 3.3.6
2025.10.14 23:41:26 INFO  no build target found for /Users/jonathangallus/WebApps/blackjack-wa/app/controllers/HomeController.scala. Using presentation compiler with project's scala-library version: 3.3.6
2025.10.14 23:41:28 INFO  no build target found for /Users/jonathangallus/WebApps/blackjack-wa/app/controllers/HomeController.scala. Using presentation compiler with project's scala-library version: 3.3.6
2025.10.14 23:41:40 INFO  no build target found for /Users/jonathangallus/WebApps/blackjack-wa/app/controllers/HomeController.scala. Using presentation compiler with project's scala-library version: 3.3.6
2025.10.14 23:47:56 INFO  no build target found for /Users/jonathangallus/WebApps/blackjack-wa/app/controllers/HomeController.scala. Using presentation compiler with project's scala-library version: 3.3.6
2025.10.14 23:48:01 INFO  no build target found for /Users/jonathangallus/WebApps/blackjack-wa/app/controllers/HomeController.scala. Using presentation compiler with project's scala-library version: 3.3.6
2025.10.14 23:48:13 INFO  no build target found for /Users/jonathangallus/WebApps/blackjack-wa/app/controllers/HomeController.scala. Using presentation compiler with project's scala-library version: 3.3.6
2025.10.14 23:48:20 INFO  no build target found for /Users/jonathangallus/WebApps/blackjack-wa/app/controllers/HomeController.scala. Using presentation compiler with project's scala-library version: 3.3.6
2025.10.14 23:48:23 INFO  no build target found for /Users/jonathangallus/WebApps/blackjack-wa/app/controllers/HomeController.scala. Using presentation compiler with project's scala-library version: 3.3.6
2025.10.14 23:48:26 INFO  no build target found for /Users/jonathangallus/WebApps/blackjack-wa/app/controllers/HomeController.scala. Using presentation compiler with project's scala-library version: 3.3.6
2025.10.14 23:48:28 INFO  no build target found for /Users/jonathangallus/WebApps/blackjack-wa/app/controllers/HomeController.scala. Using presentation compiler with project's scala-library version: 3.3.6
2025.10.14 23:49:08 INFO  no build target found for /Users/jonathangallus/WebApps/blackjack-wa/app/controllers/HomeController.scala. Using presentation compiler with project's scala-library version: 3.3.6
2025.10.14 23:49:11 INFO  no build target found for /Users/jonathangallus/WebApps/blackjack-wa/app/controllers/HomeController.scala. Using presentation compiler with project's scala-library version: 3.3.6
2025.10.15 00:01:25 INFO  no build target found for /Users/jonathangallus/WebApps/blackjack-wa/build.sbt. Using presentation compiler with project's scala-library version: 3.3.6
2025.10.15 00:01:25 WARN  no build target for: /Users/jonathangallus/WebApps/blackjack-wa/build.sbt
2025.10.15 00:01:25 INFO  no build target found for /Users/jonathangallus/WebApps/blackjack-wa/blackjack/src/main/scala/Main.scala. Using presentation compiler with project's scala-library version: 3.3.6
2025.10.15 00:02:10 WARN  no build target for: /Users/jonathangallus/WebApps/blackjack-wa/build.sbt
2025.10.15 00:02:10 INFO  no build target found for /Users/jonathangallus/WebApps/blackjack-wa/build.sbt. Using presentation compiler with project's scala-library version: 3.3.6
2025.10.15 00:02:10 INFO  no build target found for /Users/jonathangallus/WebApps/blackjack-wa/blackjack/src/main/scala/Main.scala. Using presentation compiler with project's scala-library version: 3.3.6
2025.10.15 00:03:50 INFO  Shutting down server
2025.10.15 00:03:50 INFO  shutting down Metals
2025.10.15 00:03:50 INFO  Exiting server
2025.10.15 00:03:50 ERROR Unexpected error initializing server: 
org.eclipse.lsp4j.jsonrpc.ResponseErrorException: Request window/showMessageRequest failed with message: Canceled
	at org.eclipse.lsp4j.jsonrpc.RemoteEndpoint.handleResponse(RemoteEndpoint.java:220)
	at org.eclipse.lsp4j.jsonrpc.RemoteEndpoint.consume(RemoteEndpoint.java:204)
	at org.eclipse.lsp4j.jsonrpc.json.StreamMessageProducer.handleMessage(StreamMessageProducer.java:185)
	at org.eclipse.lsp4j.jsonrpc.json.StreamMessageProducer.listen(StreamMessageProducer.java:97)
	at org.eclipse.lsp4j.jsonrpc.json.ConcurrentMessageProcessor.run(ConcurrentMessageProcessor.java:114)
	at java.util.concurrent.Executors$RunnableAdapter.call(Executors.java:539)
	at java.util.concurrent.FutureTask.run(FutureTask.java:264)
	at java.util.concurrent.ThreadPoolExecutor.runWorker(ThreadPoolExecutor.java:1136)
	at java.util.concurrent.ThreadPoolExecutor$Worker.run(ThreadPoolExecutor.java:635)
	at java.lang.Thread.run(Thread.java:840)

2025.10.15 02:58:56 INFO  Started: Metals version 1.6.2 in folders '/Users/jonathangallus/WebApps/blackjack-wa' for client Cursor 1.99.3.
2025.10.15 02:58:56 INFO  no build target found for /Users/jonathangallus/WebApps/blackjack-wa/blackjack/src/main/scala/Main.scala. Using presentation compiler with project's scala-library version: 3.3.6
2025.10.15 02:58:58 INFO  no build target found for /Users/jonathangallus/WebApps/blackjack-wa/blackjack/src/main/scala/model/gameComponent/Game.scala. Using presentation compiler with project's scala-library version: 3.3.6
2025.10.15 02:58:59 INFO  no build target found for /Users/jonathangallus/WebApps/blackjack-wa/blackjack/src/main/scala/model/gameComponent/Game.scala. Using presentation compiler with project's scala-library version: 3.3.6
2025.10.15 02:58:59 INFO  no build target found for /Users/jonathangallus/WebApps/blackjack-wa/blackjack/src/main/scala/model/gameComponent/Game.scala. Using presentation compiler with project's scala-library version: 3.3.6
2025.10.15 02:59:07 INFO  no build target found for /Users/jonathangallus/WebApps/blackjack-wa/blackjack/src/main/scala/model/gameComponent/Game.scala. Using presentation compiler with project's scala-library version: 3.3.6
2025.10.15 02:59:13 INFO  no build target found for /Users/jonathangallus/WebApps/blackjack-wa/blackjack/src/main/scala/model/gameComponent/Game.scala. Using presentation compiler with project's scala-library version: 3.3.6
2025.10.15 20:25:09 INFO  Shutting down server
2025.10.15 20:25:09 INFO  shutting down Metals
2025.10.15 20:25:09 INFO  Exiting server
2025.10.15 21:09:25 INFO  Started: Metals version 1.6.2 in folders '/Users/jonathangallus/WebApps/blackjack-wa' for client Cursor 1.99.3.
2025.10.15 21:09:26 INFO  no build target found for /Users/jonathangallus/WebApps/blackjack-wa/blackjack/src/main/scala/model/gameComponent/Game.scala. Using presentation compiler with project's scala-library version: 3.3.6
2025.10.15 21:22:45 INFO  Shutting down server
2025.10.15 21:22:45 INFO  shutting down Metals
2025.10.15 21:22:45 INFO  Exiting server
2025.10.15 21:28:53 INFO  Started: Metals version 1.6.2 in folders '/Users/jonathangallus/WebApps/blackjack-wa' for client Cursor 1.99.3.
2025.10.15 21:28:53 INFO  no build target found for /Users/jonathangallus/WebApps/blackjack-wa/blackjack/src/main/scala/model/gameComponent/Game.scala. Using presentation compiler with project's scala-library version: 3.3.6
